t,x,y
0.0,NaN,NaN
0.01,NaN,NaN
0.02,NaN,NaN
0.03,NaN,NaN
0.04,NaN,NaN
0.05,NaN,NaN
0.06,NaN,NaN
0.07,NaN,NaN
0.08,NaN,NaN
0.09,NaN,NaN
0.1,NaN,NaN
0.11,NaN,NaN
0.12,NaN,NaN
0.13,NaN,NaN
0.14,NaN,NaN
0.15,NaN,NaN
0.16,NaN,NaN
0.17,NaN,NaN
0.18,NaN,NaN
0.19,NaN,NaN
0.2,NaN,NaN
0.21,NaN,NaN
0.22,NaN,NaN
0.23,NaN,NaN
0.24,NaN,NaN
0.25,NaN,NaN
0.26,NaN,NaN
0.27,NaN,NaN
0.28,NaN,NaN
0.29,NaN,NaN
0.3,NaN,NaN
0.31,NaN,NaN
0.32,NaN,NaN
0.33,NaN,NaN
0.34,NaN,NaN
0.35,NaN,NaN
0.36,NaN,NaN
0.37,NaN,NaN
0.38,NaN,NaN
0.39,NaN,NaN
0.4,NaN,NaN
0.41,NaN,NaN
0.42,NaN,NaN
0.43,NaN,NaN
0.44,NaN,NaN
0.45,NaN,NaN
0.46,NaN,NaN
0.47,NaN,NaN
0.48,NaN,NaN
0.49,NaN,NaN
0.5,NaN,NaN
0.51,NaN,NaN
0.52,NaN,NaN
0.53,NaN,NaN
0.54,NaN,NaN
0.55,NaN,NaN
0.56,NaN,NaN
0.57,NaN,NaN
0.58,NaN,NaN
0.59,NaN,NaN
0.6,NaN,NaN
0.61,NaN,NaN
0.62,NaN,NaN
0.63,NaN,NaN
0.64,NaN,NaN
0.65,NaN,NaN
0.66,NaN,NaN
0.67,NaN,NaN
0.68,NaN,NaN
0.69,NaN,NaN
0.7,NaN,NaN
0.71,NaN,NaN
0.72,NaN,NaN
0.73,NaN,NaN
0.74,NaN,NaN
0.75,NaN,NaN
0.76,NaN,NaN
0.77,NaN,NaN
0.78,0.9248612429977989,4.3375518195897405
0.79,NaN,NaN
0.8,NaN,NaN
0.81,NaN,NaN
0.82,NaN,NaN
0.83,NaN,NaN
0.84,NaN,NaN
0.85,NaN,NaN
0.86,NaN,NaN
0.87,NaN,NaN
0.88,NaN,NaN
0.89,NaN,NaN
0.9,NaN,NaN
0.91,NaN,NaN
0.92,NaN,NaN
0.93,NaN,NaN
0.94,NaN,NaN
0.95,NaN,NaN
0.96,NaN,NaN
0.97,NaN,NaN
0.98,NaN,NaN
0.99,NaN,NaN
1.0,NaN,NaN
1.01,NaN,NaN
1.02,NaN,NaN
1.03,NaN,NaN
1.04,NaN,NaN
1.05,NaN,NaN
1.06,NaN,NaN
1.07,NaN,NaN
1.08,NaN,NaN
1.09,NaN,NaN
1.1,NaN,NaN
1.11,NaN,NaN
1.12,NaN,NaN
1.13,NaN,NaN
1.14,NaN,NaN
1.15,NaN,NaN
1.16,NaN,NaN
1.17,1.9924904659257743,3.8341207576332668
1.18,NaN,NaN
1.19,NaN,NaN
1.2,NaN,NaN
1.21,NaN,NaN
1.22,NaN,NaN
1.23,NaN,NaN
1.24,NaN,NaN
1.25,NaN,NaN
1.26,NaN,NaN
1.27,NaN,NaN
1.28,NaN,NaN
1.29,NaN,NaN
1.3,NaN,NaN
1.31,NaN,NaN
1.32,NaN,NaN
1.33,NaN,NaN
1.34,NaN,NaN
1.35,NaN,NaN
1.36,NaN,NaN
1.37,NaN,NaN
1.38,NaN,NaN
1.39,NaN,NaN
1.4,NaN,NaN
1.41,NaN,NaN
1.42,NaN,NaN
1.43,NaN,NaN
1.44,NaN,NaN
1.45,NaN,NaN
1.46,1.6984071333829736,4.7994218511578355
1.47,NaN,NaN
1.48,NaN,NaN
1.49,NaN,NaN
1.5,NaN,NaN
1.51,NaN,NaN
1.52,NaN,NaN
1.53,NaN,NaN
1.54,NaN,NaN
1.55,NaN,NaN
1.56,NaN,NaN
1.57,NaN,NaN
1.58,NaN,NaN
1.59,NaN,NaN
1.6,NaN,NaN
1.61,NaN,NaN
1.62,NaN,NaN
1.63,NaN,NaN
1.64,NaN,NaN
1.65,NaN,NaN
1.66,NaN,NaN
1.67,NaN,NaN
1.68,NaN,NaN
1.69,NaN,NaN
1.7,NaN,NaN
1.71,NaN,NaN
1.72,NaN,NaN
1.73,NaN,NaN
1.74,NaN,NaN
1.75,NaN,NaN
1.76,NaN,NaN
1.77,2.438351382172636,2.1499097221471692
1.78,NaN,NaN
1.79,NaN,NaN
1.8,NaN,NaN
1.81,NaN,NaN
1.82,NaN,NaN
1.83,NaN,NaN
1.84,NaN,NaN
1.85,NaN,NaN
1.86,NaN,NaN
1.87,NaN,NaN
1.88,NaN,NaN
1.89,NaN,NaN
1.9,NaN,NaN
1.91,NaN,NaN
1.92,NaN,NaN
1.93,NaN,NaN
1.94,NaN,NaN
1.95,NaN,NaN
1.96,NaN,NaN
1.97,NaN,NaN
1.98,NaN,NaN
1.99,NaN,NaN
2.0,NaN,NaN
2.01,NaN,NaN
2.02,NaN,NaN
2.03,NaN,NaN
2.04,NaN,NaN
2.05,NaN,NaN
2.06,NaN,NaN
2.07,NaN,NaN
2.08,NaN,NaN
2.09,NaN,NaN
2.1,NaN,NaN
2.11,NaN,NaN
2.12,NaN,NaN
2.13,NaN,NaN
2.14,NaN,NaN
2.15,NaN,NaN
2.16,NaN,NaN
2.17,NaN,NaN
2.18,NaN,NaN
2.19,NaN,NaN
2.2,0.6905189192634752,2.816235518334919
2.21,NaN,NaN
2.22,NaN,NaN
2.23,NaN,NaN
2.24,NaN,NaN
2.25,2.084630105685947,3.962567883969409
2.26,NaN,NaN
2.27,NaN,NaN
2.28,NaN,NaN
2.29,NaN,NaN
2.3,NaN,NaN
2.31,NaN,NaN
2.32,NaN,NaN
2.33,NaN,NaN
2.34,NaN,NaN
2.35,2.677728637513687,3.773397342480906
2.36,NaN,NaN
2.37,NaN,NaN
2.38,NaN,NaN
2.39,NaN,NaN
2.4,NaN,NaN
2.41,NaN,NaN
2.42,NaN,NaN
2.43,NaN,NaN
2.44,NaN,NaN
2.45,NaN,NaN
2.46,NaN,NaN
2.47,NaN,NaN
2.48,NaN,NaN
2.49,NaN,NaN
2.5,NaN,NaN
2.51,NaN,NaN
2.52,NaN,NaN
2.53,NaN,NaN
2.54,NaN,NaN
2.55,NaN,NaN
2.56,NaN,NaN
2.57,NaN,NaN
2.58,NaN,NaN
2.59,NaN,NaN
2.6,NaN,NaN
2.61,NaN,NaN
2.62,NaN,NaN
2.63,NaN,NaN
2.64,NaN,NaN
2.65,NaN,NaN
2.66,NaN,NaN
2.67,NaN,NaN
2.68,NaN,NaN
2.69,NaN,NaN
2.7,NaN,NaN
2.71,NaN,NaN
2.72,NaN,NaN
2.73,NaN,NaN
2.74,NaN,NaN
2.75,NaN,NaN
2.76,0.19086084161535954,3.723271841266589
2.77,NaN,NaN
2.78,NaN,NaN
2.79,NaN,NaN
2.8,NaN,NaN
2.81,NaN,NaN
2.82,NaN,NaN
2.83,NaN,NaN
2.84,NaN,NaN
2.85,NaN,NaN
2.86,NaN,NaN
2.87,NaN,NaN
2.88,NaN,NaN
2.89,NaN,NaN
2.9,NaN,NaN
2.91,NaN,NaN
2.92,NaN,NaN
2.93,NaN,NaN
2.94,NaN,NaN
2.95,NaN,NaN
2.96,NaN,NaN
2.97,NaN,NaN
2.98,NaN,NaN
2.99,NaN,NaN
3.0,NaN,NaN
3.01,NaN,NaN
3.02,NaN,NaN
3.03,NaN,NaN
3.04,NaN,NaN
3.05,NaN,NaN
3.06,NaN,NaN
3.07,NaN,NaN
3.08,NaN,NaN
3.09,NaN,NaN
3.1,NaN,NaN
3.11,NaN,NaN
3.12,NaN,NaN
3.13,1.491276874269333,3.260421513409804
3.14,NaN,NaN
3.15,NaN,NaN
3.16,NaN,NaN
3.17,NaN,NaN
3.18,NaN,NaN
3.19,2.2764727620538876,3.406131134950984
3.2,NaN,NaN
3.21,NaN,NaN
3.22,NaN,NaN
3.23,NaN,NaN
3.24,NaN,NaN
3.25,NaN,NaN
3.26,0.2134656627687167,1.0137945986358752
3.27,NaN,NaN
3.28,0.9957529706197582,2.02698411031777
3.29,NaN,NaN
3.3,NaN,NaN
3.31,NaN,NaN
3.32,NaN,NaN
3.33,1.598243329995837,2.353762125707427
3.34,NaN,NaN
3.35,NaN,NaN
3.36,NaN,NaN
3.37,NaN,NaN
3.38,NaN,NaN
3.39,NaN,NaN
3.4,NaN,NaN
3.41,NaN,NaN
3.42,NaN,NaN
3.43,NaN,NaN
3.44,NaN,NaN
3.45,NaN,NaN
3.46,NaN,NaN
3.47,NaN,NaN
3.48,NaN,NaN
3.49,NaN,NaN
3.5,NaN,NaN
3.51,NaN,NaN
3.52,NaN,NaN
3.53,NaN,NaN
3.54,1.7006482574342727,1.900911220014376
3.55,NaN,NaN
3.56,NaN,NaN
3.57,NaN,NaN
3.58,NaN,NaN
3.59,NaN,NaN
3.6,NaN,NaN
3.61,NaN,NaN
3.62,NaN,NaN
3.63,NaN,NaN
3.64,NaN,NaN
3.65,NaN,NaN
3.66,NaN,NaN
3.67,0.4718688942670335,0.31366459947663006
3.68,NaN,NaN
3.69,NaN,NaN
3.7,NaN,NaN
3.71,NaN,NaN
3.72,NaN,NaN
3.73,NaN,NaN
3.74,NaN,NaN
3.75,NaN,NaN
3.76,NaN,NaN
3.77,NaN,NaN
3.78,NaN,NaN
3.79,NaN,NaN
3.8,NaN,NaN
3.81,NaN,NaN
3.82,NaN,NaN
3.83,NaN,NaN
3.84,NaN,NaN
3.85,1.88824671234392,2.767913761346103
3.86,NaN,NaN
3.87,NaN,NaN
3.88,NaN,NaN
3.89,NaN,NaN
3.9,NaN,NaN
3.91,NaN,NaN
3.92,NaN,NaN
3.93,NaN,NaN
3.94,NaN,NaN
3.95,NaN,NaN
3.96,NaN,NaN
3.97,NaN,NaN
3.98,NaN,NaN
3.99,NaN,NaN
4.0,NaN,NaN
4.01,NaN,NaN
4.02,NaN,NaN
4.03,NaN,NaN
4.04,NaN,NaN
4.05,NaN,NaN
4.06,NaN,NaN
4.07,NaN,NaN
4.08,NaN,NaN
4.09,NaN,NaN
4.1,NaN,NaN
4.11,NaN,NaN
4.12,NaN,NaN
4.13,NaN,NaN
4.14,NaN,NaN
4.15,NaN,NaN
4.16,NaN,NaN
4.17,NaN,NaN
4.18,NaN,NaN
4.19,NaN,NaN
4.2,NaN,NaN
4.21,NaN,NaN
4.22,NaN,NaN
4.23,NaN,NaN
4.24,NaN,NaN
4.25,NaN,NaN
4.26,NaN,NaN
4.27,NaN,NaN
4.28,NaN,NaN
4.29,NaN,NaN
4.3,NaN,NaN
4.31,NaN,NaN
4.32,NaN,NaN
4.33,NaN,NaN
4.34,NaN,NaN
4.35,NaN,NaN
4.36,NaN,NaN
4.37,NaN,NaN
4.38,NaN,NaN
4.39,NaN,NaN
4.4,NaN,NaN
4.41,1.4060243849087506,2.4513270054142984
4.42,NaN,NaN
4.43,NaN,NaN
4.44,NaN,NaN
4.45,NaN,NaN
4.46,NaN,NaN
4.47,NaN,NaN
4.48,NaN,NaN
4.49,NaN,NaN
4.5,NaN,NaN
4.51,NaN,NaN
4.52,0.4556793653039094,-0.49690111993248176
4.53,NaN,NaN
4.54,NaN,NaN
4.55,NaN,NaN
4.56,NaN,NaN
4.57,NaN,NaN
4.58,NaN,NaN
4.59,NaN,NaN
4.6,NaN,NaN
4.61,NaN,NaN
4.62,NaN,NaN
4.63,NaN,NaN
4.64,NaN,NaN
4.65,NaN,NaN
4.66,NaN,NaN
4.67,NaN,NaN
4.68,NaN,NaN
4.69,NaN,NaN
4.7,NaN,NaN
4.71,NaN,NaN
4.72,NaN,NaN
4.73,NaN,NaN
4.74,NaN,NaN
4.75,NaN,NaN
4.76,NaN,NaN
4.77,NaN,NaN
4.78,NaN,NaN
4.79,NaN,NaN
4.8,NaN,NaN
4.81,NaN,NaN
4.82,NaN,NaN
4.83,NaN,NaN
4.84,NaN,NaN
4.85,NaN,NaN
4.86,NaN,NaN
4.87,NaN,NaN
4.88,NaN,NaN
4.89,NaN,NaN
4.9,0.45788972756057866,1.9045166118695374
4.91,NaN,NaN
4.92,NaN,NaN
4.93,NaN,NaN
4.94,NaN,NaN
4.95,NaN,NaN
4.96,NaN,NaN
4.97,NaN,NaN
4.98,NaN,NaN
4.99,NaN,NaN
5.0,NaN,NaN
5.01,NaN,NaN
5.02,NaN,NaN
5.03,NaN,NaN
5.04,NaN,NaN
5.05,NaN,NaN
5.06,NaN,NaN
5.07,NaN,NaN
5.08,NaN,NaN
5.09,NaN,NaN
5.1,NaN,NaN
5.11,NaN,NaN
5.12,NaN,NaN
5.13,NaN,NaN
5.14,NaN,NaN
5.15,NaN,NaN
5.16,NaN,NaN
5.17,NaN,NaN
5.18,NaN,NaN
5.19,NaN,NaN
5.2,NaN,NaN
5.21,NaN,NaN
5.22,NaN,NaN
5.23,NaN,NaN
5.24,NaN,NaN
5.25,NaN,NaN
5.26,NaN,NaN
5.27,NaN,NaN
5.28,NaN,NaN
5.29,NaN,NaN
5.3,NaN,NaN
5.31,2.797061635944594,1.5995924573646365
5.32,NaN,NaN
5.33,NaN,NaN
5.34,NaN,NaN
5.35,NaN,NaN
5.36,NaN,NaN
5.37,NaN,NaN
5.38,NaN,NaN
5.39,NaN,NaN
5.4,3.0303818982359623,1.1695903520010784
5.41,NaN,NaN
5.42,NaN,NaN
5.43,NaN,NaN
5.44,NaN,NaN
5.45,NaN,NaN
5.46,NaN,NaN
5.47,NaN,NaN
5.48,NaN,NaN
5.49,0.6818218008435311,3.643158685476598
5.5,NaN,NaN
5.51,NaN,NaN
5.52,NaN,NaN
5.53,NaN,NaN
5.54,NaN,NaN
5.55,NaN,NaN
5.56,NaN,NaN
5.57,NaN,NaN
5.58,NaN,NaN
5.59,NaN,NaN
5.6,NaN,NaN
5.61,NaN,NaN
5.62,NaN,NaN
5.63,NaN,NaN
5.64,NaN,NaN
5.65,NaN,NaN
5.66,NaN,NaN
5.67,NaN,NaN
5.68,NaN,NaN
5.69,NaN,NaN
5.7,NaN,NaN
5.71,NaN,NaN
5.72,NaN,NaN
5.73,NaN,NaN
5.74,NaN,NaN
5.75,NaN,NaN
5.76,NaN,NaN
5.77,NaN,NaN
5.78,NaN,NaN
5.79,NaN,NaN
5.8,NaN,NaN
5.81,NaN,NaN
5.82,NaN,NaN
5.83,NaN,NaN
5.84,1.9958741930017785,2.404963702210229
5.85,NaN,NaN
5.86,NaN,NaN
5.87,NaN,NaN
5.88,NaN,NaN
5.89,NaN,NaN
5.9,NaN,NaN
5.91,NaN,NaN
5.92,2.1091629540960253,-0.2237757869381185
5.93,NaN,NaN
5.94,NaN,NaN
5.95,NaN,NaN
5.96,NaN,NaN
5.97,NaN,NaN
5.98,NaN,NaN
5.99,NaN,NaN
6.0,NaN,NaN
6.01,NaN,NaN
6.02,NaN,NaN
6.03,NaN,NaN
6.04,NaN,NaN
6.05,NaN,NaN
6.06,NaN,NaN
6.07,NaN,NaN
6.08,NaN,NaN
6.09,NaN,NaN
6.1,NaN,NaN
6.11,NaN,NaN
6.12,NaN,NaN
6.13,NaN,NaN
6.14,NaN,NaN
6.15,NaN,NaN
6.16,NaN,NaN
6.17,NaN,NaN
6.18,NaN,NaN
6.19,NaN,NaN
6.2,NaN,NaN
6.21,NaN,NaN
6.22,NaN,NaN
6.23,NaN,NaN
6.24,NaN,NaN
6.25,NaN,NaN
6.26,NaN,NaN
6.27,NaN,NaN
6.28,NaN,NaN
6.29,NaN,NaN
6.3,3.490634847390389,1.3476251558674102
6.31,NaN,NaN
6.32,NaN,NaN
6.33,NaN,NaN
6.34,NaN,NaN
6.35,NaN,NaN
6.36,NaN,NaN
6.37,NaN,NaN
6.38,NaN,NaN
6.39,NaN,NaN
6.4,NaN,NaN
6.41,NaN,NaN
6.42,NaN,NaN
6.43,NaN,NaN
6.44,NaN,NaN
6.45,NaN,NaN
6.46,NaN,NaN
6.47,NaN,NaN
6.48,NaN,NaN
6.49,NaN,NaN
6.5,NaN,NaN
6.51,NaN,NaN
6.52,NaN,NaN
6.53,NaN,NaN
6.54,NaN,NaN
6.55,NaN,NaN
6.56,NaN,NaN
6.57,NaN,NaN
6.58,NaN,NaN
6.59,NaN,NaN
6.6,NaN,NaN
6.61,NaN,NaN
6.62,NaN,NaN
6.63,NaN,NaN
6.64,NaN,NaN
6.65,NaN,NaN
6.66,NaN,NaN
6.67,NaN,NaN
6.68,NaN,NaN
6.69,NaN,NaN
6.7,NaN,NaN
6.71,NaN,NaN
6.72,NaN,NaN
6.73,NaN,NaN
6.74,4.281616206108685,0.5787635477293778
6.75,NaN,NaN
6.76,NaN,NaN
6.77,NaN,NaN
6.78,NaN,NaN
6.79,NaN,NaN
6.8,NaN,NaN
6.81,NaN,NaN
6.82,NaN,NaN
6.83,NaN,NaN
6.84,NaN,NaN
6.85,NaN,NaN
6.86,NaN,NaN
6.87,NaN,NaN
6.88,NaN,NaN
6.89,NaN,NaN
6.9,NaN,NaN
6.91,NaN,NaN
6.92,NaN,NaN
6.93,NaN,NaN
6.94,NaN,NaN
6.95,NaN,NaN
6.96,NaN,NaN
6.97,NaN,NaN
6.98,NaN,NaN
6.99,4.408395413045293,1.7345466386500423
7.0,NaN,NaN
7.01,NaN,NaN
7.02,NaN,NaN
7.03,NaN,NaN
7.04,NaN,NaN
7.05,NaN,NaN
7.06,NaN,NaN
7.07,7.043617646376703,1.6893376833670408
7.08,NaN,NaN
7.09,NaN,NaN
7.1,NaN,NaN
7.11,NaN,NaN
7.12,NaN,NaN
7.13,NaN,NaN
7.14,NaN,NaN
7.15,NaN,NaN
7.16,NaN,NaN
7.17,NaN,NaN
7.18,NaN,NaN
7.19,NaN,NaN
7.2,NaN,NaN
7.21,NaN,NaN
7.22,NaN,NaN
7.23,NaN,NaN
7.24,NaN,NaN
7.25,NaN,NaN
7.26,NaN,NaN
7.27,NaN,NaN
7.28,NaN,NaN
7.29,NaN,NaN
7.3,NaN,NaN
7.31,NaN,NaN
7.32,NaN,NaN
7.33,NaN,NaN
7.34,4.430405356595628,0.5416760638947778
7.35,NaN,NaN
7.36,NaN,NaN
7.37,NaN,NaN
7.38,NaN,NaN
7.39,NaN,NaN
7.4,NaN,NaN
7.41,NaN,NaN
7.42,NaN,NaN
7.43,NaN,NaN
7.44,NaN,NaN
7.45,NaN,NaN
7.46,NaN,NaN
7.47,NaN,NaN
7.48,6.49939325899547,1.0833020055512241
7.49,NaN,NaN
7.5,NaN,NaN
7.51,NaN,NaN
7.52,NaN,NaN
7.53,NaN,NaN
7.54,NaN,NaN
7.55,NaN,NaN
7.56,NaN,NaN
7.57,NaN,NaN
7.58,NaN,NaN
7.59,NaN,NaN
7.6,NaN,NaN
7.61,NaN,NaN
7.62,NaN,NaN
7.63,NaN,NaN
7.64,NaN,NaN
7.65,NaN,NaN
7.66,NaN,NaN
7.67,NaN,NaN
7.68,NaN,NaN
7.69,NaN,NaN
7.7,NaN,NaN
7.71,NaN,NaN
7.72,NaN,NaN
7.73,NaN,NaN
7.74,NaN,NaN
7.75,NaN,NaN
7.76,NaN,NaN
7.77,NaN,NaN
7.78,NaN,NaN
7.79,NaN,NaN
7.8,NaN,NaN
7.81,NaN,NaN
7.82,NaN,NaN
7.83,NaN,NaN
7.84,NaN,NaN
7.85,NaN,NaN
7.86,NaN,NaN
7.87,7.417688497099412,2.125362622357118
7.88,NaN,NaN
7.89,NaN,NaN
7.9,NaN,NaN
7.91,NaN,NaN
7.92,10.090708056208806,1.2254801463408698
7.93,NaN,NaN
7.94,NaN,NaN
7.95,NaN,NaN
7.96,NaN,NaN
7.97,8.729895583086414,1.6455990522332993
7.98,NaN,NaN
7.99,9.613782430023651,2.450963743708014
8.0,NaN,NaN
8.01,NaN,NaN
8.02,NaN,NaN
8.03,NaN,NaN
8.04,NaN,NaN
8.05,NaN,NaN
8.06,NaN,NaN
8.07,NaN,NaN
8.08,NaN,NaN
8.09,NaN,NaN
8.1,NaN,NaN
8.11,NaN,NaN
8.12,NaN,NaN
8.13,NaN,NaN
8.14,9.832386728982426,1.6813069442222104
8.15,NaN,NaN
8.16,NaN,NaN
8.17,NaN,NaN
8.18,NaN,NaN
8.19,NaN,NaN
8.2,NaN,NaN
8.21,NaN,NaN
8.22,NaN,NaN
8.23,NaN,NaN
8.24,NaN,NaN
8.25,NaN,NaN
8.26,NaN,NaN
8.27,NaN,NaN
8.28,NaN,NaN
8.29,NaN,NaN
8.3,NaN,NaN
8.31,NaN,NaN
8.32,NaN,NaN
8.33,NaN,NaN
8.34,NaN,NaN
8.35,NaN,NaN
8.36,NaN,NaN
8.37,NaN,NaN
8.38,NaN,NaN
8.39,NaN,NaN
8.4,10.605968749696348,4.182971272556161
8.41,10.986370528167427,2.6371047511278602
8.42,NaN,NaN
8.43,NaN,NaN
8.44,NaN,NaN
8.45,NaN,NaN
8.46,NaN,NaN
8.47,NaN,NaN
8.48,NaN,NaN
8.49,NaN,NaN
8.5,NaN,NaN
8.51,NaN,NaN
8.52,NaN,NaN
8.53,NaN,NaN
8.54,NaN,NaN
8.55,NaN,NaN
8.56,NaN,NaN
8.57,NaN,NaN
8.58,NaN,NaN
8.59,NaN,NaN
8.6,NaN,NaN
8.61,11.733410202889635,0.6187254954431158
8.62,NaN,NaN
8.63,NaN,NaN
8.64,NaN,NaN
8.65,NaN,NaN
8.66,NaN,NaN
8.67,NaN,NaN
8.68,NaN,NaN
8.69,NaN,NaN
8.7,NaN,NaN
8.71,NaN,NaN
8.72,NaN,NaN
8.73,NaN,NaN
8.74,NaN,NaN
8.75,NaN,NaN
8.76,NaN,NaN
8.77,NaN,NaN
8.78,NaN,NaN
8.79,NaN,NaN
8.8,NaN,NaN
8.81,NaN,NaN
8.82,NaN,NaN
8.83,NaN,NaN
8.84,NaN,NaN
8.85,9.456592694506101,1.8478225825869616
8.86,NaN,NaN
8.87,NaN,NaN
8.88,NaN,NaN
8.89,NaN,NaN
8.9,NaN,NaN
8.91,NaN,NaN
8.92,NaN,NaN
8.93,NaN,NaN
8.94,NaN,NaN
8.95,NaN,NaN
8.96,NaN,NaN
8.97,NaN,NaN
8.98,NaN,NaN
8.99,NaN,NaN
9.0,NaN,NaN
9.01,NaN,NaN
9.02,NaN,NaN
9.03,NaN,NaN
9.04,NaN,NaN
9.05,NaN,NaN
9.06,NaN,NaN
9.07,NaN,NaN
9.08,NaN,NaN
9.09,NaN,NaN
9.1,NaN,NaN
9.11,NaN,NaN
9.12,NaN,NaN
9.13,NaN,NaN
9.14,NaN,NaN
9.15,NaN,NaN
9.16,NaN,NaN
9.17,NaN,NaN
9.18,NaN,NaN
9.19,NaN,NaN
9.2,NaN,NaN
9.21,NaN,NaN
9.22,NaN,NaN
9.23,NaN,NaN
9.24,NaN,NaN
9.25,NaN,NaN
9.26,NaN,NaN
9.27,NaN,NaN
9.28,NaN,NaN
9.29,NaN,NaN
9.3,NaN,NaN
9.31,NaN,NaN
9.32,NaN,NaN
9.33,NaN,NaN
9.34,NaN,NaN
9.35,NaN,NaN
9.36,NaN,NaN
9.37,NaN,NaN
9.38,NaN,NaN
9.39,NaN,NaN
9.4,NaN,NaN
9.41,NaN,NaN
9.42,NaN,NaN
9.43,NaN,NaN
9.44,NaN,NaN
9.45,NaN,NaN
9.46,NaN,NaN
9.47,NaN,NaN
9.48,NaN,NaN
9.49,NaN,NaN
9.5,NaN,NaN
9.51,NaN,NaN
9.52,NaN,NaN
9.53,NaN,NaN
9.54,NaN,NaN
9.55,NaN,NaN
9.56,NaN,NaN
9.57,NaN,NaN
9.58,NaN,NaN
9.59,NaN,NaN
9.6,NaN,NaN
9.61,NaN,NaN
9.62,NaN,NaN
9.63,NaN,NaN
9.64,NaN,NaN
9.65,NaN,NaN
9.66,NaN,NaN
9.67,NaN,NaN
9.68,NaN,NaN
9.69,NaN,NaN
9.7,NaN,NaN
9.71,NaN,NaN
9.72,NaN,NaN
9.73,NaN,NaN
9.74,NaN,NaN
9.75,NaN,NaN
9.76,NaN,NaN
9.77,NaN,NaN
9.78,NaN,NaN
9.79,NaN,NaN
9.8,NaN,NaN
9.81,NaN,NaN
9.82,6.999881030379504,4.11965298625983
9.83,NaN,NaN
9.84,NaN,NaN
9.85,NaN,NaN
9.86,NaN,NaN
9.87,NaN,NaN
9.88,NaN,NaN
9.89,NaN,NaN
9.9,NaN,NaN
9.91,NaN,NaN
9.92,NaN,NaN
9.93,NaN,NaN
9.94,NaN,NaN
9.95,NaN,NaN
9.96,NaN,NaN
9.97,NaN,NaN
9.98,NaN,NaN
9.99,NaN,NaN
10.0,NaN,NaN
10.01,NaN,NaN
10.02,6.750573260015493,4.635654185797751
10.03,NaN,NaN
10.04,NaN,NaN
10.05,NaN,NaN
10.06,NaN,NaN
10.07,NaN,NaN
10.08,NaN,NaN
10.09,NaN,NaN
10.1,NaN,NaN
10.11,NaN,NaN
10.12,NaN,NaN
10.13,NaN,NaN
10.14,NaN,NaN
10.15,NaN,NaN
10.16,NaN,NaN
10.17,NaN,NaN
10.18,NaN,NaN
10.19,NaN,NaN
10.2,NaN,NaN
10.21,NaN,NaN
10.22,5.859303625838647,4.966187877061951
10.23,NaN,NaN
10.24,5.428383487574096,4.451314241498452
10.25,NaN,NaN
10.26,4.264154339158615,4.272439157118132
10.27,NaN,NaN
10.28,NaN,NaN
10.29,NaN,NaN
10.3,NaN,NaN
10.31,NaN,NaN
10.32,NaN,NaN
10.33,NaN,NaN
10.34,NaN,NaN
10.35,NaN,NaN
10.36,NaN,NaN
10.37,2.3752596972587554,4.5980329195781735
10.38,NaN,NaN
10.39,NaN,NaN
10.4,NaN,NaN
10.41,NaN,NaN
10.42,NaN,NaN
10.43,NaN,NaN
10.44,NaN,NaN
10.45,NaN,NaN
10.46,NaN,NaN
10.47,NaN,NaN
10.48,NaN,NaN
10.49,NaN,NaN
10.5,NaN,NaN
10.51,NaN,NaN
10.52,NaN,NaN
10.53,NaN,NaN
10.54,NaN,NaN
10.55,NaN,NaN
10.56,NaN,NaN
10.57,NaN,NaN
10.58,NaN,NaN
10.59,NaN,NaN
10.6,NaN,NaN
10.61,NaN,NaN
10.62,NaN,NaN
10.63,2.8485471715259734,6.538377002652499
10.64,NaN,NaN
10.65,NaN,NaN
10.66,NaN,NaN
10.67,NaN,NaN
10.68,NaN,NaN
10.69,NaN,NaN
10.7,NaN,NaN
10.71,NaN,NaN
10.72,NaN,NaN
10.73,NaN,NaN
10.74,NaN,NaN
10.75,NaN,NaN
10.76,NaN,NaN
10.77,NaN,NaN
10.78,NaN,NaN
10.79,NaN,NaN
10.8,NaN,NaN
10.81,NaN,NaN
10.82,NaN,NaN
10.83,NaN,NaN
10.84,NaN,NaN
10.85,NaN,NaN
10.86,NaN,NaN
10.87,NaN,NaN
10.88,NaN,NaN
10.89,NaN,NaN
10.9,NaN,NaN
10.91,NaN,NaN
10.92,NaN,NaN
10.93,NaN,NaN
10.94,NaN,NaN
10.95,NaN,NaN
10.96,NaN,NaN
10.97,NaN,NaN
10.98,NaN,NaN
10.99,NaN,NaN
11.0,NaN,NaN
11.01,NaN,NaN
11.02,NaN,NaN
11.03,1.8916500504200764,6.43573074057773
11.04,NaN,NaN
11.05,NaN,NaN
11.06,NaN,NaN
11.07,NaN,NaN
11.08,NaN,NaN
11.09,NaN,NaN
11.1,NaN,NaN
11.11,NaN,NaN
11.12,NaN,NaN
11.13,NaN,NaN
11.14,NaN,NaN
11.15,NaN,NaN
11.16,NaN,NaN
11.17,NaN,NaN
11.18,NaN,NaN
11.19,NaN,NaN
11.2,NaN,NaN
11.21,NaN,NaN
11.22,NaN,NaN
11.23,NaN,NaN
11.24,NaN,NaN
11.25,NaN,NaN
11.26,NaN,NaN
11.27,NaN,NaN
11.28,NaN,NaN
11.29,2.5017462600287113,4.359170454580064
11.3,NaN,NaN
11.31,NaN,NaN
11.32,NaN,NaN
11.33,NaN,NaN
11.34,NaN,NaN
11.35,NaN,NaN
11.36,NaN,NaN
11.37,NaN,NaN
11.38,NaN,NaN
11.39,NaN,NaN
11.4,NaN,NaN
11.41,-0.2946639090036114,5.630588497220005
11.42,NaN,NaN
11.43,NaN,NaN
11.44,2.9948211740631008,4.773419157835823
11.45,NaN,NaN
11.46,NaN,NaN
11.47,NaN,NaN
11.48,NaN,NaN
11.49,NaN,NaN
11.5,NaN,NaN
11.51,NaN,NaN
11.52,NaN,NaN
11.53,NaN,NaN
11.54,NaN,NaN
11.55,NaN,NaN
11.56,NaN,NaN
11.57,1.3811375879987688,6.044693120387457
11.58,NaN,NaN
11.59,NaN,NaN
11.6,NaN,NaN
11.61,NaN,NaN
11.62,NaN,NaN
11.63,NaN,NaN
11.64,NaN,NaN
11.65,NaN,NaN
11.66,NaN,NaN
11.67,NaN,NaN
11.68,NaN,NaN
11.69,NaN,NaN
11.7,NaN,NaN
11.71,NaN,NaN
11.72,NaN,NaN
11.73,NaN,NaN
11.74,1.990849856585689,4.762700875897454
11.75,NaN,NaN
11.76,NaN,NaN
11.77,NaN,NaN
11.78,NaN,NaN
11.79,NaN,NaN
11.8,NaN,NaN
11.81,NaN,NaN
11.82,NaN,NaN
11.83,NaN,NaN
11.84,NaN,NaN
11.85,NaN,NaN
11.86,NaN,NaN
11.87,NaN,NaN
11.88,NaN,NaN
11.89,NaN,NaN
11.9,NaN,NaN
11.91,NaN,NaN
11.92,2.224923228090594,2.8818637311353186
11.93,NaN,NaN
11.94,NaN,NaN
11.95,NaN,NaN
11.96,NaN,NaN
11.97,NaN,NaN
11.98,NaN,NaN
11.99,NaN,NaN
12.0,NaN,NaN
12.01,NaN,NaN
12.02,NaN,NaN
12.03,NaN,NaN
12.04,NaN,NaN
12.05,NaN,NaN
12.06,NaN,NaN
12.07,NaN,NaN
12.08,NaN,NaN
12.09,NaN,NaN
12.1,NaN,NaN
12.11,NaN,NaN
12.12,NaN,NaN
12.13,NaN,NaN
12.14,NaN,NaN
12.15,NaN,NaN
12.16,NaN,NaN
12.17,NaN,NaN
12.18,NaN,NaN
12.19,NaN,NaN
12.2,NaN,NaN
12.21,NaN,NaN
12.22,NaN,NaN
12.23,NaN,NaN
12.24,NaN,NaN
12.25,NaN,NaN
12.26,NaN,NaN
12.27,NaN,NaN
12.28,NaN,NaN
12.29,NaN,NaN
12.3,NaN,NaN
12.31,NaN,NaN
12.32,NaN,NaN
12.33,NaN,NaN
12.34,NaN,NaN
12.35,NaN,NaN
12.36,NaN,NaN
12.37,NaN,NaN
12.38,NaN,NaN
12.39,NaN,NaN
12.4,NaN,NaN
12.41,NaN,NaN
12.42,NaN,NaN
12.43,NaN,NaN
12.44,NaN,NaN
12.45,NaN,NaN
12.46,NaN,NaN
12.47,NaN,NaN
12.48,NaN,NaN
12.49,NaN,NaN
12.5,NaN,NaN
12.51,NaN,NaN
12.52,NaN,NaN
12.53,NaN,NaN
12.54,NaN,NaN
12.55,NaN,NaN
12.56,NaN,NaN
12.57,NaN,NaN
12.58,NaN,NaN
12.59,NaN,NaN
12.6,NaN,NaN
12.61,NaN,NaN
12.62,NaN,NaN
12.63,NaN,NaN
12.64,NaN,NaN
12.65,NaN,NaN
12.66,NaN,NaN
12.67,NaN,NaN
12.68,NaN,NaN
12.69,NaN,NaN
12.7,NaN,NaN
12.71,NaN,NaN
12.72,NaN,NaN
12.73,NaN,NaN
12.74,NaN,NaN
12.75,NaN,NaN
12.76,NaN,NaN
12.77,NaN,NaN
12.78,NaN,NaN
12.79,NaN,NaN
12.8,NaN,NaN
12.81,NaN,NaN
12.82,NaN,NaN
12.83,NaN,NaN
12.84,NaN,NaN
12.85,NaN,NaN
12.86,NaN,NaN
12.87,NaN,NaN
12.88,NaN,NaN
12.89,NaN,NaN
12.9,NaN,NaN
12.91,NaN,NaN
12.92,NaN,NaN
12.93,NaN,NaN
12.94,NaN,NaN
12.95,NaN,NaN
12.96,0.3802901311030803,2.1599872865991694
12.97,NaN,NaN
12.98,NaN,NaN
12.99,NaN,NaN
13.0,NaN,NaN
13.01,NaN,NaN
13.02,NaN,NaN
13.03,NaN,NaN
13.04,NaN,NaN
13.05,NaN,NaN
13.06,NaN,NaN
13.07,NaN,NaN
13.08,NaN,NaN
13.09,NaN,NaN
13.1,NaN,NaN
13.11,2.5076829912694807,2.5710477660988817
13.12,NaN,NaN
13.13,NaN,NaN
13.14,NaN,NaN
13.15,NaN,NaN
13.16,NaN,NaN
13.17,-0.17568083753072927,2.4327677842318147
13.18,NaN,NaN
13.19,NaN,NaN
13.2,NaN,NaN
13.21,NaN,NaN
13.22,NaN,NaN
13.23,NaN,NaN
13.24,NaN,NaN
13.25,NaN,NaN
13.26,NaN,NaN
13.27,NaN,NaN
13.28,NaN,NaN
13.29,NaN,NaN
13.3,NaN,NaN
13.31,NaN,NaN
13.32,NaN,NaN
13.33,NaN,NaN
13.34,NaN,NaN
13.35,NaN,NaN
13.36,NaN,NaN
13.37,NaN,NaN
13.38,NaN,NaN
13.39,NaN,NaN
13.4,NaN,NaN
13.41,NaN,NaN
13.42,NaN,NaN
13.43,NaN,NaN
13.44,NaN,NaN
13.45,NaN,NaN
13.46,NaN,NaN
13.47,NaN,NaN
13.48,NaN,NaN
13.49,NaN,NaN
13.5,NaN,NaN
13.51,NaN,NaN
13.52,NaN,NaN
13.53,NaN,NaN
13.54,NaN,NaN
13.55,NaN,NaN
13.56,NaN,NaN
13.57,1.4039578194940674,1.2322792775548284
13.58,NaN,NaN
13.59,NaN,NaN
13.6,NaN,NaN
13.61,NaN,NaN
13.62,NaN,NaN
13.63,NaN,NaN
13.64,NaN,NaN
13.65,NaN,NaN
13.66,NaN,NaN
13.67,NaN,NaN
13.68,NaN,NaN
13.69,NaN,NaN
13.7,NaN,NaN
13.71,NaN,NaN
13.72,NaN,NaN
13.73,NaN,NaN
13.74,NaN,NaN
13.75,NaN,NaN
13.76,NaN,NaN
13.77,NaN,NaN
13.78,NaN,NaN
13.79,NaN,NaN
13.8,NaN,NaN
13.81,NaN,NaN
13.82,NaN,NaN
13.83,NaN,NaN
13.84,NaN,NaN
13.85,NaN,NaN
13.86,NaN,NaN
13.87,NaN,NaN
13.88,NaN,NaN
13.89,NaN,NaN
13.9,NaN,NaN
13.91,NaN,NaN
13.92,NaN,NaN
13.93,NaN,NaN
13.94,NaN,NaN
13.95,NaN,NaN
13.96,NaN,NaN
13.97,NaN,NaN
13.98,NaN,NaN
13.99,NaN,NaN
14.0,NaN,NaN
14.01,NaN,NaN
14.02,NaN,NaN
14.03,NaN,NaN
14.04,NaN,NaN
14.05,NaN,NaN
14.06,1.168193776139818,1.0518398156929512
14.07,NaN,NaN
14.08,NaN,NaN
14.09,NaN,NaN
14.1,NaN,NaN
14.11,NaN,NaN
14.12,NaN,NaN
14.13,NaN,NaN
14.14,NaN,NaN
14.15,NaN,NaN
14.16,NaN,NaN
14.17,NaN,NaN
14.18,NaN,NaN
14.19,NaN,NaN
14.2,NaN,NaN
14.21,NaN,NaN
14.22,NaN,NaN
14.23,NaN,NaN
14.24,NaN,NaN
14.25,NaN,NaN
14.26,NaN,NaN
14.27,NaN,NaN
14.28,NaN,NaN
14.29,NaN,NaN
14.3,NaN,NaN
14.31,NaN,NaN
14.32,NaN,NaN
14.33,NaN,NaN
14.34,NaN,NaN
14.35,NaN,NaN
14.36,NaN,NaN
14.37,NaN,NaN
14.38,NaN,NaN
14.39,NaN,NaN
14.4,NaN,NaN
14.41,NaN,NaN
14.42,NaN,NaN
14.43,NaN,NaN
14.44,NaN,NaN
14.45,NaN,NaN
14.46,NaN,NaN
14.47,NaN,NaN
14.48,NaN,NaN
14.49,NaN,NaN
14.5,NaN,NaN
14.51,NaN,NaN
14.52,NaN,NaN
14.53,NaN,NaN
14.54,NaN,NaN
14.55,NaN,NaN
14.56,NaN,NaN
14.57,NaN,NaN
14.58,NaN,NaN
14.59,NaN,NaN
14.6,NaN,NaN
14.61,NaN,NaN
14.62,NaN,NaN
14.63,NaN,NaN
14.64,NaN,NaN
14.65,1.1785216646249281,1.7167462680380094
14.66,NaN,NaN
14.67,NaN,NaN
14.68,NaN,NaN
14.69,NaN,NaN
14.7,NaN,NaN
14.71,NaN,NaN
14.72,NaN,NaN
14.73,NaN,NaN
14.74,NaN,NaN
14.75,NaN,NaN
14.76,NaN,NaN
14.77,NaN,NaN
14.78,NaN,NaN
14.79,NaN,NaN
14.8,NaN,NaN
14.81,NaN,NaN
14.82,NaN,NaN
14.83,NaN,NaN
14.84,NaN,NaN
14.85,NaN,NaN
14.86,NaN,NaN
14.87,NaN,NaN
14.88,NaN,NaN
14.89,NaN,NaN
14.9,NaN,NaN
14.91,NaN,NaN
14.92,NaN,NaN
14.93,NaN,NaN
14.94,NaN,NaN
14.95,1.451330396452988,1.525797393415642
14.96,NaN,NaN
14.97,NaN,NaN
14.98,NaN,NaN
14.99,NaN,NaN
15.0,NaN,NaN
15.01,1.9673718208163138,0.0665791038482686
15.02,NaN,NaN
15.03,NaN,NaN
15.04,NaN,NaN
15.05,NaN,NaN
15.06,NaN,NaN
15.07,NaN,NaN
15.08,NaN,NaN
15.09,NaN,NaN
15.1,NaN,NaN
15.11,NaN,NaN
15.12,NaN,NaN
15.13,NaN,NaN
15.14,NaN,NaN
15.15,NaN,NaN
15.16,NaN,NaN
15.17,NaN,NaN
15.18,NaN,NaN
15.19,NaN,NaN
15.2,2.631175280422853,0.45878838594746285
15.21,NaN,NaN
15.22,1.6664910432819011,0.7475983063918926
15.23,NaN,NaN
15.24,2.140711767080203,1.574291701084268
15.25,1.0562680644425098,2.5036570529815556
15.26,NaN,NaN
15.27,NaN,NaN
15.28,NaN,NaN
15.29,NaN,NaN
15.3,NaN,NaN
15.31,NaN,NaN
15.32,NaN,NaN
15.33,NaN,NaN
15.34,NaN,NaN
15.35,NaN,NaN
15.36,NaN,NaN
15.37,NaN,NaN
15.38,NaN,NaN
15.39,NaN,NaN
15.4,NaN,NaN
15.41,NaN,NaN
15.42,NaN,NaN
15.43,NaN,NaN
15.44,NaN,NaN
15.45,2.496410532219279,1.0156619670046516
15.46,NaN,NaN
15.47,NaN,NaN
15.48,NaN,NaN
15.49,NaN,NaN
15.5,NaN,NaN
15.51,NaN,NaN
15.52,NaN,NaN
15.53,2.1137907137309186,1.4644919718559457
15.54,NaN,NaN
15.55,NaN,NaN
15.56,0.6567414154800266,2.2194252733714426
15.57,NaN,NaN
15.58,NaN,NaN
15.59,NaN,NaN
15.6,NaN,NaN
15.61,NaN,NaN
15.62,NaN,NaN
15.63,NaN,NaN
15.64,NaN,NaN
15.65,NaN,NaN
15.66,NaN,NaN
15.67,NaN,NaN
15.68,NaN,NaN
15.69,NaN,NaN
15.7,NaN,NaN
15.71,NaN,NaN
15.72,NaN,NaN
15.73,NaN,NaN
15.74,NaN,NaN
15.75,NaN,NaN
15.76,NaN,NaN
15.77,NaN,NaN
15.78,NaN,NaN
15.79,NaN,NaN
15.8,NaN,NaN
15.81,NaN,NaN
15.82,NaN,NaN
15.83,NaN,NaN
15.84,NaN,NaN
15.85,NaN,NaN
15.86,NaN,NaN
15.87,NaN,NaN
15.88,NaN,NaN
15.89,NaN,NaN
15.9,NaN,NaN
15.91,NaN,NaN
15.92,NaN,NaN
15.93,NaN,NaN
15.94,NaN,NaN
15.95,NaN,NaN
15.96,NaN,NaN
15.97,NaN,NaN
15.98,NaN,NaN
15.99,NaN,NaN
16.0,NaN,NaN
16.01,NaN,NaN
16.02,NaN,NaN
16.03,NaN,NaN
16.04,NaN,NaN
16.05,3.0000398987864525,1.807175693233539
16.06,NaN,NaN
16.07,NaN,NaN
16.08,NaN,NaN
16.09,NaN,NaN
16.1,NaN,NaN
16.11,NaN,NaN
16.12,NaN,NaN
16.13,NaN,NaN
16.14,NaN,NaN
16.15,NaN,NaN
16.16,NaN,NaN
16.17,NaN,NaN
16.18,NaN,NaN
16.19,NaN,NaN
16.2,NaN,NaN
16.21,NaN,NaN
16.22,2.435019040087232,1.2580307868241396
16.23,NaN,NaN
16.24,NaN,NaN
16.25,NaN,NaN
16.26,NaN,NaN
16.27,NaN,NaN
16.28,NaN,NaN
16.29,NaN,NaN
16.3,NaN,NaN
16.31,NaN,NaN
16.32,NaN,NaN
16.33,NaN,NaN
16.34,NaN,NaN
16.35,NaN,NaN
16.36,NaN,NaN
16.37,NaN,NaN
16.38,NaN,NaN
16.39,NaN,NaN
16.4,NaN,NaN
16.41,NaN,NaN
16.42,NaN,NaN
16.43,NaN,NaN
16.44,NaN,NaN
16.45,NaN,NaN
16.46,NaN,NaN
16.47,NaN,NaN
16.48,NaN,NaN
16.49,NaN,NaN
16.5,NaN,NaN
16.51,NaN,NaN
16.52,NaN,NaN
16.53,NaN,NaN
16.54,NaN,NaN
16.55,NaN,NaN
16.56,NaN,NaN
16.57,NaN,NaN
16.58,NaN,NaN
16.59,NaN,NaN
16.6,NaN,NaN
16.61,NaN,NaN
16.62,NaN,NaN
16.63,3.8068935022484878,2.8195346229382663
16.64,NaN,NaN
16.65,NaN,NaN
16.66,NaN,NaN
16.67,NaN,NaN
16.68,NaN,NaN
16.69,NaN,NaN
16.7,NaN,NaN
16.71,NaN,NaN
16.72,NaN,NaN
16.73,NaN,NaN
16.74,NaN,NaN
16.75,NaN,NaN
16.76,NaN,NaN
16.77,3.7987834676820427,2.59523960819201
16.78,NaN,NaN
16.79,NaN,NaN
16.8,NaN,NaN
16.81,NaN,NaN
16.82,NaN,NaN
16.83,NaN,NaN
16.84,NaN,NaN
16.85,NaN,NaN
16.86,NaN,NaN
16.87,NaN,NaN
16.88,NaN,NaN
16.89,NaN,NaN
16.9,NaN,NaN
16.91,NaN,NaN
16.92,NaN,NaN
16.93,NaN,NaN
16.94,NaN,NaN
16.95,NaN,NaN
16.96,NaN,NaN
16.97,NaN,NaN
16.98,NaN,NaN
16.99,NaN,NaN
17.0,NaN,NaN
17.01,NaN,NaN
17.02,NaN,NaN
17.03,NaN,NaN
17.04,5.4794866627736,0.2965141166129359
17.05,NaN,NaN
17.06,NaN,NaN
17.07,NaN,NaN
17.08,NaN,NaN
17.09,NaN,NaN
17.1,NaN,NaN
17.11,NaN,NaN
17.12,NaN,NaN
17.13,NaN,NaN
17.14,6.178697459936966,0.703857638612288
17.15,NaN,NaN
17.16,NaN,NaN
17.17,NaN,NaN
17.18,NaN,NaN
17.19,NaN,NaN
17.2,NaN,NaN
17.21,NaN,NaN
17.22,NaN,NaN
17.23,NaN,NaN
17.24,NaN,NaN
17.25,NaN,NaN
17.26,NaN,NaN
17.27,NaN,NaN
17.28,NaN,NaN
17.29,NaN,NaN
17.3,NaN,NaN
17.31,NaN,NaN
17.32,NaN,NaN
17.33,NaN,NaN
17.34,NaN,NaN
17.35,NaN,NaN
17.36,NaN,NaN
17.37,NaN,NaN
17.38,NaN,NaN
17.39,NaN,NaN
17.4,NaN,NaN
17.41,NaN,NaN
17.42,NaN,NaN
17.43,NaN,NaN
17.44,NaN,NaN
17.45,NaN,NaN
17.46,NaN,NaN
17.47,NaN,NaN
17.48,NaN,NaN
17.49,NaN,NaN
17.5,NaN,NaN
17.51,NaN,NaN
17.52,NaN,NaN
17.53,NaN,NaN
17.54,NaN,NaN
17.55,NaN,NaN
17.56,NaN,NaN
17.57,6.612231774678878,1.2750979352637193
17.58,NaN,NaN
17.59,NaN,NaN
17.6,6.553843705574444,1.0477586734537152
17.61,NaN,NaN
17.62,NaN,NaN
17.63,NaN,NaN
17.64,NaN,NaN
17.65,NaN,NaN
17.66,NaN,NaN
17.67,NaN,NaN
17.68,NaN,NaN
17.69,7.666105332981399,1.0903210763391467
17.7,NaN,NaN
17.71,NaN,NaN
17.72,NaN,NaN
17.73,NaN,NaN
17.74,NaN,NaN
17.75,NaN,NaN
17.76,NaN,NaN
17.77,NaN,NaN
17.78,NaN,NaN
17.79,NaN,NaN
17.8,NaN,NaN
17.81,NaN,NaN
17.82,NaN,NaN
17.83,NaN,NaN
17.84,NaN,NaN
17.85,NaN,NaN
17.86,NaN,NaN
17.87,NaN,NaN
17.88,NaN,NaN
17.89,NaN,NaN
17.9,NaN,NaN
17.91,NaN,NaN
17.92,NaN,NaN
17.93,NaN,NaN
17.94,NaN,NaN
17.95,NaN,NaN
17.96,NaN,NaN
17.97,NaN,NaN
17.98,8.686232925894,1.9656630032989768
17.99,NaN,NaN
18.0,NaN,NaN
18.01,NaN,NaN
18.02,NaN,NaN
18.03,NaN,NaN
18.04,NaN,NaN
18.05,NaN,NaN
18.06,NaN,NaN
18.07,NaN,NaN
18.08,NaN,NaN
18.09,NaN,NaN
18.1,NaN,NaN
18.11,NaN,NaN
18.12,NaN,NaN
18.13,NaN,NaN
18.14,NaN,NaN
18.15,NaN,NaN
18.16,NaN,NaN
18.17,NaN,NaN
18.18,NaN,NaN
18.19,NaN,NaN
18.2,NaN,NaN
18.21,NaN,NaN
18.22,NaN,NaN
18.23,NaN,NaN
18.24,9.06574984911686,1.878648533358358
18.25,NaN,NaN
18.26,NaN,NaN
18.27,NaN,NaN
18.28,NaN,NaN
18.29,NaN,NaN
18.3,NaN,NaN
18.31,NaN,NaN
18.32,NaN,NaN
18.33,NaN,NaN
18.34,NaN,NaN
18.35,NaN,NaN
18.36,NaN,NaN
18.37,NaN,NaN
18.38,NaN,NaN
18.39,NaN,NaN
18.4,NaN,NaN
18.41,NaN,NaN
18.42,NaN,NaN
18.43,NaN,NaN
18.44,NaN,NaN
18.45,NaN,NaN
18.46,NaN,NaN
18.47,NaN,NaN
18.48,10.384195818783105,3.114883370188709
18.49,NaN,NaN
18.5,NaN,NaN
18.51,NaN,NaN
18.52,NaN,NaN
18.53,NaN,NaN
18.54,NaN,NaN
18.55,8.335324358189473,4.67141580803278
18.56,NaN,NaN
18.57,NaN,NaN
18.58,NaN,NaN
18.59,NaN,NaN
18.6,NaN,NaN
18.61,NaN,NaN
18.62,NaN,NaN
18.63,NaN,NaN
18.64,NaN,NaN
18.65,NaN,NaN
18.66,NaN,NaN
18.67,NaN,NaN
18.68,NaN,NaN
18.69,NaN,NaN
18.7,NaN,NaN
18.71,NaN,NaN
18.72,NaN,NaN
18.73,NaN,NaN
18.74,NaN,NaN
18.75,NaN,NaN
18.76,NaN,NaN
18.77,NaN,NaN
18.78,NaN,NaN
18.79,NaN,NaN
18.8,NaN,NaN
18.81,NaN,NaN
18.82,NaN,NaN
18.83,NaN,NaN
18.84,NaN,NaN
18.85,NaN,NaN
18.86,NaN,NaN
18.87,NaN,NaN
18.88,NaN,NaN
18.89,NaN,NaN
18.9,NaN,NaN
18.91,NaN,NaN
18.92,NaN,NaN
18.93,NaN,NaN
18.94,NaN,NaN
18.95,NaN,NaN
18.96,NaN,NaN
18.97,NaN,NaN
18.98,NaN,NaN
18.99,NaN,NaN
19.0,NaN,NaN
19.01,NaN,NaN
19.02,NaN,NaN
19.03,NaN,NaN
19.04,NaN,NaN
19.05,NaN,NaN
19.06,NaN,NaN
19.07,12.342239047983398,4.215368534397365
19.08,NaN,NaN
19.09,NaN,NaN
19.1,NaN,NaN
19.11,NaN,NaN
19.12,NaN,NaN
19.13,NaN,NaN
19.14,NaN,NaN
19.15,NaN,NaN
19.16,NaN,NaN
19.17,NaN,NaN
19.18,NaN,NaN
19.19,NaN,NaN
19.2,NaN,NaN
19.21,NaN,NaN
19.22,NaN,NaN
19.23,NaN,NaN
19.24,NaN,NaN
19.25,NaN,NaN
19.26,NaN,NaN
19.27,NaN,NaN
19.28,NaN,NaN
19.29,NaN,NaN
19.3,NaN,NaN
19.31,NaN,NaN
19.32,NaN,NaN
19.33,NaN,NaN
19.34,NaN,NaN
19.35,NaN,NaN
19.36,NaN,NaN
19.37,NaN,NaN
19.38,11.011972128088095,3.716789866903364
19.39,NaN,NaN
19.4,NaN,NaN
19.41,NaN,NaN
19.42,NaN,NaN
19.43,NaN,NaN
19.44,NaN,NaN
19.45,NaN,NaN
19.46,NaN,NaN
19.47,NaN,NaN
19.48,NaN,NaN
19.49,NaN,NaN
19.5,NaN,NaN
19.51,NaN,NaN
19.52,NaN,NaN
19.53,NaN,NaN
19.54,NaN,NaN
19.55,NaN,NaN
19.56,8.25139663833202,3.3697925763791226
19.57,NaN,NaN
19.58,NaN,NaN
19.59,NaN,NaN
19.6,NaN,NaN
19.61,NaN,NaN
19.62,NaN,NaN
19.63,NaN,NaN
19.64,10.013701920951668,3.5725706531074297
19.65,NaN,NaN
19.66,NaN,NaN
19.67,NaN,NaN
19.68,NaN,NaN
19.69,NaN,NaN
19.7,NaN,NaN
19.71,NaN,NaN
19.72,NaN,NaN
19.73,NaN,NaN
19.74,NaN,NaN
19.75,NaN,NaN
19.76,NaN,NaN
19.77,NaN,NaN
19.78,7.619113261137248,4.440417863938576
19.79,NaN,NaN
19.8,9.743256706547129,4.45375840947638
19.81,NaN,NaN
19.82,NaN,NaN
19.83,NaN,NaN
19.84,NaN,NaN
19.85,NaN,NaN
19.86,NaN,NaN
19.87,NaN,NaN
19.88,NaN,NaN
19.89,NaN,NaN
19.9,NaN,NaN
19.91,NaN,NaN
19.92,NaN,NaN
19.93,NaN,NaN
19.94,7.473646427250545,6.390518179972802
19.95,NaN,NaN
19.96,NaN,NaN
19.97,NaN,NaN
19.98,7.634614364281959,5.078808891495953
19.99,NaN,NaN
20.0,NaN,NaN
20.01,NaN,NaN
20.02,NaN,NaN
20.03,6.883061322763517,5.518703152800115
20.04,NaN,NaN
20.05,NaN,NaN
20.06,NaN,NaN
20.07,NaN,NaN
20.08,NaN,NaN
20.09,NaN,NaN
20.1,NaN,NaN
20.11,NaN,NaN
20.12,NaN,NaN
20.13,NaN,NaN
20.14,NaN,NaN
20.15,NaN,NaN
20.16,NaN,NaN
20.17,NaN,NaN
20.18,NaN,NaN
20.19,NaN,NaN
20.2,NaN,NaN
20.21,NaN,NaN
20.22,NaN,NaN
20.23,6.139257271274964,4.992632601333574
20.24,NaN,NaN
20.25,NaN,NaN
20.26,NaN,NaN
20.27,NaN,NaN
20.28,NaN,NaN
20.29,5.740621025084974,5.877266219480101
20.3,NaN,NaN
20.31,NaN,NaN
20.32,NaN,NaN
20.33,NaN,NaN
20.34,NaN,NaN
20.35,6.146379475475625,3.610960621129718
20.36,NaN,NaN
20.37,NaN,NaN
20.38,NaN,NaN
20.39,NaN,NaN
20.4,NaN,NaN
20.41,NaN,NaN
20.42,NaN,NaN
20.43,NaN,NaN
20.44,NaN,NaN
20.45,NaN,NaN
20.46,NaN,NaN
20.47,NaN,NaN
20.48,NaN,NaN
20.49,NaN,NaN
20.5,NaN,NaN
20.51,NaN,NaN
20.52,NaN,NaN
20.53,NaN,NaN
20.54,NaN,NaN
20.55,NaN,NaN
20.56,NaN,NaN
20.57,NaN,NaN
20.58,NaN,NaN
20.59,NaN,NaN
20.6,NaN,NaN
20.61,NaN,NaN
20.62,NaN,NaN
20.63,NaN,NaN
20.64,4.615437857668903,6.215643149985689
20.65,NaN,NaN
20.66,NaN,NaN
20.67,NaN,NaN
20.68,NaN,NaN
20.69,2.071112340833003,3.9676308754449297
20.7,NaN,NaN
20.71,NaN,NaN
20.72,NaN,NaN
20.73,NaN,NaN
20.74,NaN,NaN
20.75,NaN,NaN
20.76,NaN,NaN
20.77,NaN,NaN
20.78,NaN,NaN
20.79,NaN,NaN
20.8,NaN,NaN
20.81,NaN,NaN
20.82,NaN,NaN
20.83,NaN,NaN
20.84,NaN,NaN
20.85,NaN,NaN
20.86,NaN,NaN
20.87,NaN,NaN
20.88,NaN,NaN
20.89,NaN,NaN
20.9,4.197749765966229,6.641902098869416
20.91,NaN,NaN
20.92,NaN,NaN
20.93,NaN,NaN
20.94,NaN,NaN
20.95,NaN,NaN
20.96,NaN,NaN
20.97,NaN,NaN
20.98,NaN,NaN
20.99,NaN,NaN
21.0,NaN,NaN
21.01,NaN,NaN
21.02,NaN,NaN
21.03,NaN,NaN
21.04,NaN,NaN
21.05,NaN,NaN
21.06,NaN,NaN
21.07,NaN,NaN
21.08,NaN,NaN
21.09,NaN,NaN
21.1,NaN,NaN
21.11,NaN,NaN
21.12,NaN,NaN
21.13,NaN,NaN
21.14,NaN,NaN
21.15,NaN,NaN
21.16,NaN,NaN
21.17,NaN,NaN
21.18,NaN,NaN
21.19,NaN,NaN
21.2,NaN,NaN
21.21,NaN,NaN
21.22,NaN,NaN
21.23,NaN,NaN
21.24,NaN,NaN
21.25,NaN,NaN
21.26,NaN,NaN
21.27,NaN,NaN
21.28,NaN,NaN
21.29,NaN,NaN
21.3,NaN,NaN
21.31,NaN,NaN
21.32,NaN,NaN
21.33,NaN,NaN
21.34,NaN,NaN
21.35,NaN,NaN
21.36,NaN,NaN
21.37,NaN,NaN
21.38,NaN,NaN
21.39,NaN,NaN
21.4,NaN,NaN
21.41,NaN,NaN
21.42,NaN,NaN
21.43,NaN,NaN
21.44,NaN,NaN
21.45,NaN,NaN
21.46,NaN,NaN
21.47,NaN,NaN
21.48,NaN,NaN
21.49,NaN,NaN
21.5,NaN,NaN
21.51,NaN,NaN
21.52,NaN,NaN
21.53,1.465658176980513,5.309408483610698
21.54,NaN,NaN
21.55,NaN,NaN
21.56,NaN,NaN
21.57,NaN,NaN
21.58,NaN,NaN
21.59,NaN,NaN
21.6,NaN,NaN
21.61,NaN,NaN
21.62,NaN,NaN
21.63,NaN,NaN
21.64,NaN,NaN
21.65,NaN,NaN
21.66,NaN,NaN
21.67,NaN,NaN
21.68,NaN,NaN
21.69,NaN,NaN
21.7,NaN,NaN
21.71,0.8803911558471416,3.123128768395466
21.72,NaN,NaN
21.73,NaN,NaN
21.74,NaN,NaN
21.75,NaN,NaN
21.76,NaN,NaN
21.77,NaN,NaN
21.78,NaN,NaN
21.79,NaN,NaN
21.8,NaN,NaN
21.81,NaN,NaN
21.82,1.3244104074421639,3.1438223155107288
21.83,NaN,NaN
21.84,NaN,NaN
21.85,NaN,NaN
21.86,NaN,NaN
21.87,NaN,NaN
21.88,NaN,NaN
21.89,NaN,NaN
21.9,NaN,NaN
21.91,NaN,NaN
21.92,NaN,NaN
21.93,NaN,NaN
21.94,NaN,NaN
21.95,NaN,NaN
21.96,NaN,NaN
21.97,NaN,NaN
21.98,1.115338203770814,2.8825753910731198
21.99,NaN,NaN
22.0,NaN,NaN
22.01,NaN,NaN
22.02,NaN,NaN
22.03,NaN,NaN
22.04,NaN,NaN
22.05,NaN,NaN
22.06,NaN,NaN
22.07,NaN,NaN
22.08,NaN,NaN
22.09,NaN,NaN
22.1,NaN,NaN
22.11,NaN,NaN
22.12,NaN,NaN
22.13,NaN,NaN
22.14,NaN,NaN
22.15,NaN,NaN
22.16,NaN,NaN
22.17,NaN,NaN
22.18,NaN,NaN
22.19,NaN,NaN
22.2,NaN,NaN
22.21,NaN,NaN
22.22,NaN,NaN
22.23,NaN,NaN
22.24,1.912691009291581,3.3760607234626354
22.25,NaN,NaN
22.26,NaN,NaN
22.27,NaN,NaN
22.28,NaN,NaN
22.29,NaN,NaN
22.3,NaN,NaN
22.31,NaN,NaN
22.32,NaN,NaN
22.33,NaN,NaN
22.34,NaN,NaN
22.35,NaN,NaN
22.36,NaN,NaN
22.37,NaN,NaN
22.38,NaN,NaN
22.39,NaN,NaN
22.4,NaN,NaN
22.41,NaN,NaN
22.42,NaN,NaN
22.43,NaN,NaN
22.44,NaN,NaN
22.45,NaN,NaN
22.46,NaN,NaN
22.47,-0.6011850933412504,3.250655558977236
22.48,NaN,NaN
22.49,NaN,NaN
22.5,NaN,NaN
22.51,NaN,NaN
22.52,NaN,NaN
22.53,NaN,NaN
22.54,NaN,NaN
22.55,NaN,NaN
22.56,NaN,NaN
22.57,NaN,NaN
22.58,1.4980599349450634,5.015285929491297
22.59,NaN,NaN
22.6,NaN,NaN
22.61,NaN,NaN
22.62,NaN,NaN
22.63,NaN,NaN
22.64,NaN,NaN
22.65,NaN,NaN
22.66,NaN,NaN
22.67,NaN,NaN
22.68,NaN,NaN
22.69,NaN,NaN
22.7,0.5202449146315437,3.421062158998359
22.71,NaN,NaN
22.72,NaN,NaN
22.73,NaN,NaN
22.74,NaN,NaN
22.75,NaN,NaN
22.76,3.311182803663254,4.085268755575478
22.77,3.1269032181189376,1.451330615817569
22.78,NaN,NaN
22.79,NaN,NaN
22.8,NaN,NaN
22.81,NaN,NaN
22.82,NaN,NaN
22.83,NaN,NaN
22.84,NaN,NaN
22.85,NaN,NaN
22.86,NaN,NaN
22.87,NaN,NaN
22.88,NaN,NaN
22.89,NaN,NaN
22.9,NaN,NaN
22.91,NaN,NaN
22.92,NaN,NaN
22.93,NaN,NaN
22.94,NaN,NaN
22.95,NaN,NaN
22.96,NaN,NaN
22.97,NaN,NaN
22.98,NaN,NaN
22.99,1.857485353385265,3.766360919855368
23.0,NaN,NaN
23.01,NaN,NaN
23.02,NaN,NaN
23.03,NaN,NaN
23.04,NaN,NaN
23.05,NaN,NaN
23.06,2.0125354316202047,3.1647026429986878
23.07,NaN,NaN
23.08,NaN,NaN
23.09,NaN,NaN
23.1,NaN,NaN
23.11,NaN,NaN
23.12,NaN,NaN
23.13,0.987597846568007,2.7088033291138185
23.14,NaN,NaN
23.15,NaN,NaN
23.16,NaN,NaN
23.17,NaN,NaN
23.18,NaN,NaN
23.19,-0.17926588389617581,2.9963949894671966
23.2,NaN,NaN
23.21,NaN,NaN
23.22,NaN,NaN
23.23,NaN,NaN
23.24,NaN,NaN
23.25,NaN,NaN
23.26,NaN,NaN
23.27,NaN,NaN
23.28,NaN,NaN
23.29,1.9644008573990521,2.437124722010848
23.3,NaN,NaN
23.31,NaN,NaN
23.32,NaN,NaN
23.33,NaN,NaN
23.34,NaN,NaN
23.35,NaN,NaN
23.36,NaN,NaN
23.37,NaN,NaN
23.38,NaN,NaN
23.39,NaN,NaN
23.4,NaN,NaN
23.41,NaN,NaN
23.42,NaN,NaN
23.43,NaN,NaN
23.44,NaN,NaN
23.45,NaN,NaN
23.46,NaN,NaN
23.47,NaN,NaN
23.48,NaN,NaN
23.49,NaN,NaN
23.5,NaN,NaN
23.51,NaN,NaN
23.52,NaN,NaN
23.53,0.5791323432345573,1.8699371298815934
23.54,NaN,NaN
23.55,NaN,NaN
23.56,NaN,NaN
23.57,NaN,NaN
23.58,NaN,NaN
23.59,NaN,NaN
23.6,NaN,NaN
23.61,NaN,NaN
23.62,1.4093462131512615,2.1783643363148597
23.63,0.3114418512221695,2.022254383455948
23.64,NaN,NaN
23.65,NaN,NaN
23.66,NaN,NaN
23.67,NaN,NaN
23.68,NaN,NaN
23.69,NaN,NaN
23.7,NaN,NaN
23.71,NaN,NaN
23.72,NaN,NaN
23.73,NaN,NaN
23.74,NaN,NaN
23.75,NaN,NaN
23.76,NaN,NaN
23.77,NaN,NaN
23.78,0.9586046835562521,2.474370907515809
23.79,NaN,NaN
23.8,NaN,NaN
23.81,NaN,NaN
23.82,NaN,NaN
23.83,NaN,NaN
23.84,NaN,NaN
23.85,NaN,NaN
23.86,NaN,NaN
23.87,NaN,NaN
23.88,NaN,NaN
23.89,NaN,NaN
23.9,NaN,NaN
23.91,NaN,NaN
23.92,NaN,NaN
23.93,NaN,NaN
23.94,NaN,NaN
23.95,NaN,NaN
23.96,NaN,NaN
23.97,NaN,NaN
23.98,NaN,NaN
23.99,NaN,NaN
24.0,NaN,NaN
24.01,NaN,NaN
24.02,NaN,NaN
24.03,NaN,NaN
24.04,NaN,NaN
24.05,NaN,NaN
24.06,NaN,NaN
24.07,NaN,NaN
24.08,NaN,NaN
24.09,NaN,NaN
24.1,NaN,NaN
24.11,2.1085585375023337,1.1160687009771657
24.12,NaN,NaN
24.13,NaN,NaN
24.14,NaN,NaN
24.15,NaN,NaN
24.16,NaN,NaN
24.17,NaN,NaN
24.18,NaN,NaN
24.19,NaN,NaN
24.2,NaN,NaN
24.21,NaN,NaN
24.22,NaN,NaN
24.23,NaN,NaN
24.24,NaN,NaN
24.25,NaN,NaN
24.26,NaN,NaN
24.27,NaN,NaN
24.28,NaN,NaN
24.29,NaN,NaN
24.3,NaN,NaN
24.31,NaN,NaN
24.32,NaN,NaN
24.33,NaN,NaN
24.34,4.2118018093706,2.5853259326042437
24.35,NaN,NaN
24.36,NaN,NaN
24.37,NaN,NaN
24.38,NaN,NaN
24.39,NaN,NaN
24.4,NaN,NaN
24.41,NaN,NaN
24.42,NaN,NaN
24.43,NaN,NaN
24.44,NaN,NaN
24.45,NaN,NaN
24.46,NaN,NaN
24.47,-0.4459193751091284,1.8089490831374069
24.48,NaN,NaN
24.49,NaN,NaN
24.5,NaN,NaN
24.51,NaN,NaN
24.52,NaN,NaN
24.53,NaN,NaN
24.54,NaN,NaN
24.55,NaN,NaN
24.56,NaN,NaN
24.57,NaN,NaN
24.58,NaN,NaN
24.59,NaN,NaN
24.6,NaN,NaN
24.61,NaN,NaN
24.62,NaN,NaN
24.63,NaN,NaN
24.64,NaN,NaN
24.65,NaN,NaN
24.66,NaN,NaN
24.67,NaN,NaN
24.68,NaN,NaN
24.69,NaN,NaN
24.7,NaN,NaN
24.71,NaN,NaN
24.72,NaN,NaN
24.73,NaN,NaN
24.74,NaN,NaN
24.75,NaN,NaN
24.76,NaN,NaN
24.77,NaN,NaN
24.78,NaN,NaN
24.79,NaN,NaN
24.8,NaN,NaN
24.81,NaN,NaN
24.82,NaN,NaN
24.83,NaN,NaN
24.84,2.4480471004483046,0.7737321905553626
24.85,NaN,NaN
24.86,NaN,NaN
24.87,NaN,NaN
24.88,NaN,NaN
24.89,NaN,NaN
24.9,NaN,NaN
24.91,NaN,NaN
24.92,NaN,NaN
24.93,NaN,NaN
24.94,NaN,NaN
24.95,NaN,NaN
24.96,NaN,NaN
24.97,NaN,NaN
24.98,NaN,NaN
24.99,NaN,NaN
25.0,NaN,NaN
25.01,NaN,NaN
25.02,NaN,NaN
25.03,NaN,NaN
25.04,NaN,NaN
25.05,NaN,NaN
25.06,NaN,NaN
25.07,NaN,NaN
25.08,NaN,NaN
25.09,NaN,NaN
25.1,NaN,NaN
25.11,NaN,NaN
25.12,NaN,NaN
25.13,NaN,NaN
25.14,NaN,NaN
25.15,NaN,NaN
25.16,NaN,NaN
25.17,NaN,NaN
25.18,NaN,NaN
25.19,-0.6267068044493551,1.0741729972315022
25.2,NaN,NaN
25.21,NaN,NaN
25.22,NaN,NaN
25.23,NaN,NaN
25.24,NaN,NaN
25.25,NaN,NaN
25.26,2.194114619911254,0.5098748348097724
25.27,NaN,NaN
25.28,NaN,NaN
25.29,NaN,NaN
25.3,NaN,NaN
25.31,NaN,NaN
25.32,NaN,NaN
25.33,NaN,NaN
25.34,NaN,NaN
25.35,NaN,NaN
25.36,NaN,NaN
25.37,NaN,NaN
25.38,NaN,NaN
25.39,NaN,NaN
25.4,NaN,NaN
25.41,NaN,NaN
25.42,NaN,NaN
25.43,NaN,NaN
25.44,NaN,NaN
25.45,NaN,NaN
25.46,NaN,NaN
25.47,2.090774080949177,2.6648926128228503
25.48,NaN,NaN
25.49,NaN,NaN
25.5,NaN,NaN
25.51,NaN,NaN
25.52,NaN,NaN
25.53,NaN,NaN
25.54,NaN,NaN
25.55,NaN,NaN
25.56,NaN,NaN
25.57,NaN,NaN
25.58,NaN,NaN
25.59,NaN,NaN
25.6,NaN,NaN
25.61,NaN,NaN
25.62,NaN,NaN
25.63,NaN,NaN
25.64,NaN,NaN
25.65,NaN,NaN
25.66,NaN,NaN
25.67,NaN,NaN
25.68,NaN,NaN
25.69,NaN,NaN
25.7,NaN,NaN
25.71,NaN,NaN
25.72,NaN,NaN
25.73,NaN,NaN
25.74,NaN,NaN
25.75,NaN,NaN
25.76,NaN,NaN
25.77,NaN,NaN
25.78,NaN,NaN
25.79,NaN,NaN
25.8,NaN,NaN
25.81,NaN,NaN
25.82,NaN,NaN
25.83,NaN,NaN
25.84,NaN,NaN
25.85,NaN,NaN
25.86,NaN,NaN
25.87,NaN,NaN
25.88,NaN,NaN
25.89,2.565441357593743,-0.15142707178031767
25.9,NaN,NaN
25.91,NaN,NaN
25.92,NaN,NaN
25.93,NaN,NaN
25.94,NaN,NaN
25.95,NaN,NaN
25.96,NaN,NaN
25.97,NaN,NaN
25.98,NaN,NaN
25.99,NaN,NaN
26.0,NaN,NaN
26.01,NaN,NaN
26.02,NaN,NaN
26.03,NaN,NaN
26.04,NaN,NaN
26.05,NaN,NaN
26.06,NaN,NaN
26.07,NaN,NaN
26.08,NaN,NaN
26.09,NaN,NaN
26.1,NaN,NaN
26.11,NaN,NaN
26.12,NaN,NaN
26.13,NaN,NaN
26.14,NaN,NaN
26.15,NaN,NaN
26.16,NaN,NaN
26.17,NaN,NaN
26.18,NaN,NaN
26.19,NaN,NaN
26.2,2.980635213914767,1.4859025198787181
26.21,NaN,NaN
26.22,NaN,NaN
26.23,NaN,NaN
26.24,NaN,NaN
26.25,2.7035813827015147,0.09961134439418129
26.26,NaN,NaN
26.27,NaN,NaN
26.28,NaN,NaN
26.29,NaN,NaN
26.3,NaN,NaN
26.31,NaN,NaN
26.32,NaN,NaN
26.33,NaN,NaN
26.34,NaN,NaN
26.35,NaN,NaN
26.36,NaN,NaN
26.37,NaN,NaN
26.38,NaN,NaN
26.39,NaN,NaN
26.4,NaN,NaN
26.41,NaN,NaN
26.42,NaN,NaN
26.43,NaN,NaN
26.44,NaN,NaN
26.45,NaN,NaN
26.46,NaN,NaN
26.47,NaN,NaN
26.48,NaN,NaN
26.49,NaN,NaN
26.5,NaN,NaN
26.51,2.6481802394333895,1.060951931723428
26.52,NaN,NaN
26.53,NaN,NaN
26.54,NaN,NaN
26.55,NaN,NaN
26.56,NaN,NaN
26.57,NaN,NaN
26.58,NaN,NaN
26.59,NaN,NaN
26.6,NaN,NaN
26.61,NaN,NaN
26.62,NaN,NaN
26.63,NaN,NaN
26.64,NaN,NaN
26.65,NaN,NaN
26.66,NaN,NaN
26.67,NaN,NaN
26.68,NaN,NaN
26.69,NaN,NaN
26.7,NaN,NaN
26.71,NaN,NaN
26.72,NaN,NaN
26.73,NaN,NaN
26.74,NaN,NaN
26.75,NaN,NaN
26.76,NaN,NaN
26.77,NaN,NaN
26.78,NaN,NaN
26.79,NaN,NaN
26.8,NaN,NaN
26.81,NaN,NaN
26.82,NaN,NaN
26.83,NaN,NaN
26.84,NaN,NaN
26.85,NaN,NaN
26.86,5.664883745276057,2.729194663020003
26.87,NaN,NaN
26.88,NaN,NaN
26.89,NaN,NaN
26.9,NaN,NaN
26.91,NaN,NaN
26.92,NaN,NaN
26.93,NaN,NaN
26.94,NaN,NaN
26.95,NaN,NaN
26.96,NaN,NaN
26.97,5.303292875077522,2.3448704682239807
26.98,NaN,NaN
26.99,NaN,NaN
27.0,NaN,NaN
27.01,NaN,NaN
27.02,NaN,NaN
27.03,NaN,NaN
27.04,4.943069704686977,1.1091282208905602
27.05,NaN,NaN
27.06,NaN,NaN
27.07,NaN,NaN
27.08,NaN,NaN
27.09,NaN,NaN
27.1,NaN,NaN
27.11,NaN,NaN
27.12,NaN,NaN
27.13,NaN,NaN
27.14,NaN,NaN
27.15,NaN,NaN
27.16,NaN,NaN
27.17,NaN,NaN
27.18,NaN,NaN
27.19,NaN,NaN
27.2,NaN,NaN
27.21,NaN,NaN
27.22,NaN,NaN
27.23,NaN,NaN
27.24,NaN,NaN
27.25,NaN,NaN
27.26,NaN,NaN
27.27,NaN,NaN
27.28,6.801934901785632,0.7337388391411698
27.29,NaN,NaN
27.3,NaN,NaN
27.31,NaN,NaN
27.32,NaN,NaN
27.33,NaN,NaN
27.34,NaN,NaN
27.35,NaN,NaN
27.36,NaN,NaN
27.37,NaN,NaN
27.38,NaN,NaN
27.39,NaN,NaN
27.4,NaN,NaN
27.41,NaN,NaN
27.42,NaN,NaN
27.43,NaN,NaN
27.44,NaN,NaN
27.45,NaN,NaN
27.46,NaN,NaN
27.47,NaN,NaN
27.48,NaN,NaN
27.49,NaN,NaN
27.5,NaN,NaN
27.51,NaN,NaN
27.52,NaN,NaN
27.53,NaN,NaN
27.54,NaN,NaN
27.55,NaN,NaN
27.56,NaN,NaN
27.57,NaN,NaN
27.58,NaN,NaN
27.59,NaN,NaN
27.6,6.164533802475912,0.8629094066407714
27.61,NaN,NaN
27.62,NaN,NaN
27.63,NaN,NaN
27.64,NaN,NaN
27.65,NaN,NaN
27.66,NaN,NaN
27.67,NaN,NaN
27.68,NaN,NaN
27.69,NaN,NaN
27.7,NaN,NaN
27.71,NaN,NaN
27.72,NaN,NaN
27.73,NaN,NaN
27.74,NaN,NaN
27.75,NaN,NaN
27.76,NaN,NaN
27.77,NaN,NaN
27.78,NaN,NaN
27.79,NaN,NaN
27.8,NaN,NaN
27.81,NaN,NaN
27.82,NaN,NaN
27.83,NaN,NaN
27.84,NaN,NaN
27.85,NaN,NaN
27.86,NaN,NaN
27.87,NaN,NaN
27.88,NaN,NaN
27.89,NaN,NaN
27.9,NaN,NaN
27.91,NaN,NaN
27.92,6.235986792714218,1.7011359456456758
27.93,NaN,NaN
27.94,5.6420957705045875,1.0287104779607348
27.95,NaN,NaN
27.96,NaN,NaN
27.97,NaN,NaN
27.98,NaN,NaN
27.99,NaN,NaN
28.0,NaN,NaN
28.01,NaN,NaN
28.02,NaN,NaN
28.03,NaN,NaN
28.04,NaN,NaN
28.05,NaN,NaN
28.06,NaN,NaN
28.07,NaN,NaN
28.08,NaN,NaN
28.09,NaN,NaN
28.1,NaN,NaN
28.11,NaN,NaN
28.12,NaN,NaN
28.13,NaN,NaN
28.14,NaN,NaN
28.15,NaN,NaN
28.16,NaN,NaN
28.17,NaN,NaN
28.18,NaN,NaN
28.19,NaN,NaN
28.2,NaN,NaN
28.21,NaN,NaN
28.22,NaN,NaN
28.23,NaN,NaN
28.24,NaN,NaN
28.25,NaN,NaN
28.26,NaN,NaN
28.27,NaN,NaN
28.28,NaN,NaN
28.29,NaN,NaN
28.3,NaN,NaN
28.31,NaN,NaN
28.32,NaN,NaN
28.33,NaN,NaN
28.34,11.062695726659392,3.426065978712984
28.35,NaN,NaN
28.36,NaN,NaN
28.37,10.14272117025347,1.66094588100706
28.38,NaN,NaN
28.39,NaN,NaN
28.4,NaN,NaN
28.41,NaN,NaN
28.42,NaN,NaN
28.43,NaN,NaN
28.44,NaN,NaN
28.45,NaN,NaN
28.46,NaN,NaN
28.47,NaN,NaN
28.48,NaN,NaN
28.49,NaN,NaN
28.5,NaN,NaN
28.51,NaN,NaN
28.52,NaN,NaN
28.53,NaN,NaN
28.54,NaN,NaN
28.55,NaN,NaN
28.56,NaN,NaN
28.57,NaN,NaN
28.58,10.204229184879875,-0.4002393102773456
28.59,NaN,NaN
28.6,9.865799736606848,2.8741546868777434
28.61,NaN,NaN
28.62,NaN,NaN
28.63,NaN,NaN
28.64,NaN,NaN
28.65,11.456076220732603,4.486248655049149
28.66,NaN,NaN
28.67,NaN,NaN
28.68,NaN,NaN
28.69,NaN,NaN
28.7,NaN,NaN
28.71,9.617526436951515,1.3599443951070664
28.72,NaN,NaN
28.73,NaN,NaN
28.74,NaN,NaN
28.75,NaN,NaN
28.76,NaN,NaN
28.77,NaN,NaN
28.78,NaN,NaN
28.79,NaN,NaN
28.8,NaN,NaN
28.81,NaN,NaN
28.82,NaN,NaN
28.83,NaN,NaN
28.84,NaN,NaN
28.85,NaN,NaN
28.86,NaN,NaN
28.87,NaN,NaN
28.88,NaN,NaN
28.89,NaN,NaN
28.9,NaN,NaN
28.91,NaN,NaN
28.92,NaN,NaN
28.93,NaN,NaN
28.94,NaN,NaN
28.95,NaN,NaN
28.96,NaN,NaN
28.97,NaN,NaN
28.98,NaN,NaN
28.99,NaN,NaN
29.0,NaN,NaN
29.01,NaN,NaN
29.02,NaN,NaN
29.03,NaN,NaN
29.04,NaN,NaN
29.05,9.95965949607574,2.2912378101892696
29.06,NaN,NaN
29.07,NaN,NaN
29.08,NaN,NaN
29.09,9.471597643163264,2.5239182402752585
29.1,NaN,NaN
29.11,NaN,NaN
29.12,NaN,NaN
29.13,NaN,NaN
29.14,NaN,NaN
29.15,NaN,NaN
29.16,NaN,NaN
29.17,NaN,NaN
29.18,NaN,NaN
29.19,NaN,NaN
29.2,NaN,NaN
29.21,NaN,NaN
29.22,NaN,NaN
29.23,NaN,NaN
29.24,NaN,NaN
29.25,NaN,NaN
29.26,NaN,NaN
29.27,NaN,NaN
29.28,NaN,NaN
29.29,NaN,NaN
29.3,NaN,NaN
29.31,NaN,NaN
29.32,NaN,NaN
29.33,NaN,NaN
29.34,NaN,NaN
29.35,NaN,NaN
29.36,NaN,NaN
29.37,NaN,NaN
29.38,NaN,NaN
29.39,NaN,NaN
29.4,9.983939009070301,3.6834661926951022
29.41,NaN,NaN
29.42,NaN,NaN
29.43,NaN,NaN
29.44,NaN,NaN
29.45,NaN,NaN
29.46,NaN,NaN
29.47,NaN,NaN
29.48,NaN,NaN
29.49,NaN,NaN
29.5,NaN,NaN
29.51,NaN,NaN
29.52,NaN,NaN
29.53,NaN,NaN
29.54,NaN,NaN
29.55,NaN,NaN
29.56,NaN,NaN
29.57,NaN,NaN
29.58,NaN,NaN
29.59,NaN,NaN
29.6,NaN,NaN
29.61,NaN,NaN
29.62,NaN,NaN
29.63,NaN,NaN
29.64,NaN,NaN
29.65,NaN,NaN
29.66,NaN,NaN
29.67,NaN,NaN
29.68,NaN,NaN
29.69,NaN,NaN
29.7,8.889070366255028,3.3098701158266963
29.71,NaN,NaN
29.72,NaN,NaN
29.73,NaN,NaN
29.74,NaN,NaN
29.75,NaN,NaN
29.76,NaN,NaN
29.77,NaN,NaN
29.78,NaN,NaN
29.79,NaN,NaN
29.8,NaN,NaN
29.81,NaN,NaN
29.82,NaN,NaN
29.83,NaN,NaN
29.84,NaN,NaN
29.85,NaN,NaN
29.86,NaN,NaN
29.87,NaN,NaN
29.88,NaN,NaN
29.89,NaN,NaN
29.9,NaN,NaN
29.91,NaN,NaN
29.92,NaN,NaN
29.93,NaN,NaN
29.94,NaN,NaN
29.95,NaN,NaN
29.96,NaN,NaN
29.97,NaN,NaN
29.98,NaN,NaN
29.99,NaN,NaN
30.0,NaN,NaN
30.01,NaN,NaN
30.02,NaN,NaN
30.03,NaN,NaN
30.04,NaN,NaN
30.05,NaN,NaN
30.06,NaN,NaN
30.07,NaN,NaN
30.08,NaN,NaN
30.09,NaN,NaN
30.1,NaN,NaN
30.11,NaN,NaN
30.12,NaN,NaN
30.13,NaN,NaN
30.14,NaN,NaN
30.15,NaN,NaN
30.16,NaN,NaN
30.17,NaN,NaN
30.18,NaN,NaN
30.19,NaN,NaN
30.2,NaN,NaN
30.21,NaN,NaN
30.22,NaN,NaN
30.23,NaN,NaN
30.24,NaN,NaN
30.25,NaN,NaN
30.26,NaN,NaN
30.27,NaN,NaN
30.28,NaN,NaN
30.29,NaN,NaN
30.3,NaN,NaN
30.31,NaN,NaN
30.32,NaN,NaN
30.33,NaN,NaN
30.34,NaN,NaN
30.35,NaN,NaN
30.36,NaN,NaN
30.37,NaN,NaN
30.38,NaN,NaN
30.39,NaN,NaN
30.4,NaN,NaN
30.41,4.346956080678586,3.1770098318416253
30.42,NaN,NaN
30.43,NaN,NaN
30.44,NaN,NaN
30.45,NaN,NaN
30.46,NaN,NaN
30.47,NaN,NaN
30.48,NaN,NaN
30.49,NaN,NaN
30.5,NaN,NaN
30.51,NaN,NaN
30.52,NaN,NaN
30.53,NaN,NaN
30.54,NaN,NaN
30.55,NaN,NaN
30.56,NaN,NaN
30.57,NaN,NaN
30.58,NaN,NaN
30.59,NaN,NaN
30.6,NaN,NaN
30.61,NaN,NaN
30.62,NaN,NaN
30.63,NaN,NaN
30.64,NaN,NaN
30.65,NaN,NaN
30.66,NaN,NaN
30.67,NaN,NaN
30.68,NaN,NaN
30.69,NaN,NaN
30.7,NaN,NaN
30.71,NaN,NaN
30.72,NaN,NaN
30.73,NaN,NaN
30.74,NaN,NaN
30.75,NaN,NaN
30.76,NaN,NaN
30.77,3.917613983122642,4.575944216682098
30.78,NaN,NaN
30.79,NaN,NaN
30.8,NaN,NaN
30.81,NaN,NaN
30.82,NaN,NaN
30.83,NaN,NaN
30.84,NaN,NaN
30.85,NaN,NaN
30.86,NaN,NaN
30.87,NaN,NaN
30.88,NaN,NaN
30.89,NaN,NaN
30.9,NaN,NaN
30.91,NaN,NaN
30.92,NaN,NaN
30.93,NaN,NaN
30.94,NaN,NaN
30.95,NaN,NaN
30.96,NaN,NaN
30.97,NaN,NaN
30.98,NaN,NaN
30.99,NaN,NaN
31.0,NaN,NaN
31.01,NaN,NaN
31.02,NaN,NaN
31.03,NaN,NaN
31.04,NaN,NaN
31.05,NaN,NaN
31.06,NaN,NaN
31.07,NaN,NaN
31.08,NaN,NaN
31.09,NaN,NaN
31.1,NaN,NaN
31.11,NaN,NaN
31.12,NaN,NaN
31.13,NaN,NaN
31.14,NaN,NaN
31.15,NaN,NaN
31.16,1.4383078669779552,4.652719574730089
31.17,NaN,NaN
31.18,NaN,NaN
31.19,NaN,NaN
31.2,NaN,NaN
31.21,NaN,NaN
31.22,NaN,NaN
31.23,NaN,NaN
31.24,NaN,NaN
31.25,NaN,NaN
31.26,NaN,NaN
31.27,NaN,NaN
31.28,NaN,NaN
31.29,NaN,NaN
31.3,NaN,NaN
31.31,NaN,NaN
31.32,NaN,NaN
31.33,NaN,NaN
31.34,NaN,NaN
31.35,NaN,NaN
31.36,NaN,NaN
31.37,NaN,NaN
31.38,NaN,NaN
31.39,NaN,NaN
31.4,NaN,NaN
31.41,NaN,NaN
31.42,NaN,NaN
31.43,NaN,NaN
31.44,NaN,NaN
31.45,NaN,NaN
31.46,NaN,NaN
31.47,NaN,NaN
31.48,NaN,NaN
31.49,NaN,NaN
31.5,NaN,NaN
31.51,NaN,NaN
31.52,NaN,NaN
31.53,NaN,NaN
31.54,NaN,NaN
31.55,NaN,NaN
31.56,NaN,NaN
31.57,NaN,NaN
31.58,NaN,NaN
31.59,NaN,NaN
31.6,NaN,NaN
31.61,NaN,NaN
31.62,0.8882633388884178,5.2052428163700775
31.63,NaN,NaN
31.64,NaN,NaN
31.65,NaN,NaN
31.66,NaN,NaN
31.67,2.3809662849771875,3.595107415718722
31.68,NaN,NaN
31.69,NaN,NaN
31.7,NaN,NaN
31.71,NaN,NaN
31.72,NaN,NaN
31.73,NaN,NaN
31.74,NaN,NaN
31.75,NaN,NaN
31.76,NaN,NaN
31.77,NaN,NaN
31.78,NaN,NaN
31.79,NaN,NaN
31.8,NaN,NaN
31.81,NaN,NaN
31.82,NaN,NaN
31.83,0.22441588097530207,4.232043848377833
31.84,NaN,NaN
31.85,NaN,NaN
31.86,0.5591775290591094,3.9537745902491106
31.87,NaN,NaN
31.88,NaN,NaN
31.89,NaN,NaN
31.9,NaN,NaN
31.91,NaN,NaN
31.92,NaN,NaN
31.93,NaN,NaN
31.94,NaN,NaN
31.95,NaN,NaN
31.96,NaN,NaN
31.97,NaN,NaN
31.98,NaN,NaN
31.99,NaN,NaN
32.0,NaN,NaN
32.01,NaN,NaN
32.02,0.7794128046493742,3.4379170722693146
32.03,NaN,NaN
32.04,0.9181537062242775,2.186980356132799
32.05,NaN,NaN
32.06,NaN,NaN
32.07,NaN,NaN
32.08,NaN,NaN
32.09,NaN,NaN
32.1,NaN,NaN
32.11,NaN,NaN
32.12,NaN,NaN
32.13,NaN,NaN
32.14,2.6326956147883385,5.672557817001305
32.15,NaN,NaN
32.16,NaN,NaN
32.17,NaN,NaN
32.18,NaN,NaN
32.19,NaN,NaN
32.2,NaN,NaN
32.21,NaN,NaN
32.22,NaN,NaN
32.23,NaN,NaN
32.24,NaN,NaN
32.25,NaN,NaN
32.26,NaN,NaN
32.27,NaN,NaN
32.28,NaN,NaN
32.29,NaN,NaN
32.3,NaN,NaN
32.31,NaN,NaN
32.32,NaN,NaN
32.33,NaN,NaN
32.34,NaN,NaN
32.35,NaN,NaN
32.36,NaN,NaN
32.37,NaN,NaN
32.38,NaN,NaN
32.39,NaN,NaN
32.4,NaN,NaN
32.41,NaN,NaN
32.42,NaN,NaN
32.43,NaN,NaN
32.44,NaN,NaN
32.45,NaN,NaN
32.46,NaN,NaN
32.47,NaN,NaN
32.48,NaN,NaN
32.49,NaN,NaN
32.5,NaN,NaN
32.51,NaN,NaN
32.52,NaN,NaN
32.53,NaN,NaN
32.54,NaN,NaN
32.55,NaN,NaN
32.56,NaN,NaN
32.57,NaN,NaN
32.58,NaN,NaN
32.59,NaN,NaN
32.6,NaN,NaN
32.61,NaN,NaN
32.62,NaN,NaN
32.63,NaN,NaN
32.64,NaN,NaN
32.65,NaN,NaN
32.66,NaN,NaN
32.67,NaN,NaN
32.68,NaN,NaN
32.69,NaN,NaN
32.7,NaN,NaN
32.71,NaN,NaN
32.72,NaN,NaN
32.73,NaN,NaN
32.74,NaN,NaN
32.75,NaN,NaN
32.76,NaN,NaN
32.77,NaN,NaN
32.78,NaN,NaN
32.79,NaN,NaN
32.8,NaN,NaN
32.81,NaN,NaN
32.82,NaN,NaN
32.83,NaN,NaN
32.84,NaN,NaN
32.85,NaN,NaN
32.86,NaN,NaN
32.87,NaN,NaN
32.88,NaN,NaN
32.89,NaN,NaN
32.9,NaN,NaN
32.91,NaN,NaN
32.92,NaN,NaN
32.93,NaN,NaN
32.94,NaN,NaN
32.95,NaN,NaN
32.96,NaN,NaN
32.97,NaN,NaN
32.98,NaN,NaN
32.99,NaN,NaN
33.0,NaN,NaN
33.01,NaN,NaN
33.02,NaN,NaN
33.03,NaN,NaN
33.04,1.6708159231681705,2.386522422001938
33.05,NaN,NaN
33.06,NaN,NaN
33.07,NaN,NaN
33.08,NaN,NaN
33.09,NaN,NaN
33.1,NaN,NaN
33.11,NaN,NaN
33.12,NaN,NaN
33.13,0.9981237580573351,3.4149809816365235
33.14,NaN,NaN
33.15,NaN,NaN
33.16,NaN,NaN
33.17,NaN,NaN
33.18,NaN,NaN
33.19,NaN,NaN
33.2,NaN,NaN
33.21,NaN,NaN
33.22,NaN,NaN
33.23,NaN,NaN
33.24,NaN,NaN
33.25,NaN,NaN
33.26,NaN,NaN
33.27,NaN,NaN
33.28,NaN,NaN
33.29,NaN,NaN
33.3,NaN,NaN
33.31,NaN,NaN
33.32,NaN,NaN
33.33,NaN,NaN
33.34,NaN,NaN
33.35,NaN,NaN
33.36,NaN,NaN
33.37,NaN,NaN
33.38,NaN,NaN
33.39,NaN,NaN
33.4,NaN,NaN
33.41,0.7538899679527868,3.438672119965608
33.42,NaN,NaN
33.43,NaN,NaN
33.44,NaN,NaN
33.45,NaN,NaN
33.46,NaN,NaN
33.47,NaN,NaN
33.48,NaN,NaN
33.49,NaN,NaN
33.5,NaN,NaN
33.51,NaN,NaN
33.52,NaN,NaN
33.53,NaN,NaN
33.54,NaN,NaN
33.55,NaN,NaN
33.56,NaN,NaN
33.57,NaN,NaN
33.58,1.147436308844728,3.3732925860774055
33.59,NaN,NaN
33.6,NaN,NaN
33.61,NaN,NaN
33.62,NaN,NaN
33.63,NaN,NaN
33.64,0.8232534341436517,2.9754400045258698
33.65,NaN,NaN
33.66,NaN,NaN
33.67,NaN,NaN
33.68,0.9375840662395583,2.3105509098083394
33.69,NaN,NaN
33.7,NaN,NaN
33.71,NaN,NaN
33.72,NaN,NaN
33.73,NaN,NaN
33.74,NaN,NaN
33.75,NaN,NaN
33.76,NaN,NaN
33.77,NaN,NaN
33.78,NaN,NaN
33.79,NaN,NaN
33.8,NaN,NaN
33.81,NaN,NaN
33.82,NaN,NaN
33.83,NaN,NaN
33.84,NaN,NaN
33.85,NaN,NaN
33.86,NaN,NaN
33.87,NaN,NaN
33.88,NaN,NaN
33.89,NaN,NaN
33.9,NaN,NaN
33.91,NaN,NaN
33.92,NaN,NaN
33.93,NaN,NaN
33.94,NaN,NaN
33.95,NaN,NaN
33.96,NaN,NaN
33.97,NaN,NaN
33.98,NaN,NaN
33.99,NaN,NaN
34.0,1.7712188123735282,2.6294623466058704
34.01,NaN,NaN
34.02,NaN,NaN
34.03,NaN,NaN
34.04,NaN,NaN
34.05,NaN,NaN
34.06,NaN,NaN
34.07,NaN,NaN
34.08,NaN,NaN
34.09,NaN,NaN
34.1,NaN,NaN
34.11,NaN,NaN
34.12,NaN,NaN
34.13,NaN,NaN
34.14,NaN,NaN
34.15,NaN,NaN
34.16,NaN,NaN
34.17,NaN,NaN
34.18,NaN,NaN
34.19,-1.7114805986993193,2.3579800148038044
34.2,NaN,NaN
34.21,NaN,NaN
34.22,NaN,NaN
34.23,NaN,NaN
34.24,NaN,NaN
34.25,NaN,NaN
34.26,NaN,NaN
34.27,NaN,NaN
34.28,NaN,NaN
34.29,NaN,NaN
34.3,NaN,NaN
34.31,NaN,NaN
34.32,NaN,NaN
34.33,NaN,NaN
34.34,NaN,NaN
34.35,NaN,NaN
34.36,NaN,NaN
34.37,NaN,NaN
34.38,NaN,NaN
34.39,NaN,NaN
34.4,NaN,NaN
34.41,NaN,NaN
34.42,NaN,NaN
34.43,NaN,NaN
34.44,NaN,NaN
34.45,NaN,NaN
34.46,NaN,NaN
34.47,NaN,NaN
34.48,NaN,NaN
34.49,NaN,NaN
34.5,NaN,NaN
34.51,NaN,NaN
34.52,NaN,NaN
34.53,NaN,NaN
34.54,NaN,NaN
34.55,NaN,NaN
34.56,NaN,NaN
34.57,NaN,NaN
34.58,NaN,NaN
34.59,NaN,NaN
34.6,NaN,NaN
34.61,NaN,NaN
34.62,NaN,NaN
34.63,0.7916959800979575,1.7160492290180942
34.64,NaN,NaN
34.65,NaN,NaN
34.66,NaN,NaN
34.67,NaN,NaN
34.68,NaN,NaN
34.69,NaN,NaN
34.7,NaN,NaN
34.71,NaN,NaN
34.72,NaN,NaN
34.73,NaN,NaN
34.74,NaN,NaN
34.75,NaN,NaN
34.76,NaN,NaN
34.77,NaN,NaN
34.78,NaN,NaN
34.79,NaN,NaN
34.8,NaN,NaN
34.81,NaN,NaN
34.82,NaN,NaN
34.83,NaN,NaN
34.84,NaN,NaN
34.85,NaN,NaN
34.86,NaN,NaN
34.87,NaN,NaN
34.88,NaN,NaN
34.89,NaN,NaN
34.9,3.15937912703072,3.305010001612373
34.91,NaN,NaN
34.92,NaN,NaN
34.93,NaN,NaN
34.94,NaN,NaN
34.95,NaN,NaN
34.96,NaN,NaN
34.97,NaN,NaN
34.98,NaN,NaN
34.99,NaN,NaN
35.0,NaN,NaN
35.01,NaN,NaN
35.02,NaN,NaN
35.03,NaN,NaN
35.04,NaN,NaN
35.05,NaN,NaN
35.06,NaN,NaN
35.07,NaN,NaN
35.08,NaN,NaN
35.09,NaN,NaN
35.1,NaN,NaN
35.11,NaN,NaN
35.12,NaN,NaN
35.13,NaN,NaN
35.14,NaN,NaN
35.15,NaN,NaN
35.16,NaN,NaN
35.17,NaN,NaN
35.18,1.2104355613055282,2.6768131724013937
35.19,NaN,NaN
35.2,NaN,NaN
35.21,NaN,NaN
35.22,NaN,NaN
35.23,NaN,NaN
35.24,NaN,NaN
35.25,NaN,NaN
35.26,NaN,NaN
35.27,NaN,NaN
35.28,NaN,NaN
35.29,NaN,NaN
35.3,NaN,NaN
35.31,0.7651615049232354,1.911294710610775
35.32,NaN,NaN
35.33,NaN,NaN
35.34,NaN,NaN
35.35,NaN,NaN
35.36,NaN,NaN
35.37,NaN,NaN
35.38,NaN,NaN
35.39,NaN,NaN
35.4,NaN,NaN
35.41,NaN,NaN
35.42,NaN,NaN
35.43,NaN,NaN
35.44,NaN,NaN
35.45,NaN,NaN
35.46,2.339301500100902,1.9023975018663029
35.47,NaN,NaN
35.48,NaN,NaN
35.49,NaN,NaN
35.5,NaN,NaN
35.51,NaN,NaN
35.52,NaN,NaN
35.53,NaN,NaN
35.54,NaN,NaN
35.55,NaN,NaN
35.56,NaN,NaN
35.57,NaN,NaN
35.58,NaN,NaN
35.59,NaN,NaN
35.6,NaN,NaN
35.61,NaN,NaN
35.62,NaN,NaN
35.63,NaN,NaN
35.64,NaN,NaN
35.65,NaN,NaN
35.66,NaN,NaN
35.67,NaN,NaN
35.68,NaN,NaN
35.69,NaN,NaN
35.7,NaN,NaN
35.71,NaN,NaN
35.72,NaN,NaN
35.73,NaN,NaN
35.74,NaN,NaN
35.75,2.1414771513027873,3.0412802553543097
35.76,NaN,NaN
35.77,NaN,NaN
35.78,NaN,NaN
35.79,NaN,NaN
35.8,2.510418105517259,3.2998528995646823
35.81,NaN,NaN
35.82,NaN,NaN
35.83,NaN,NaN
35.84,NaN,NaN
35.85,NaN,NaN
35.86,NaN,NaN
35.87,NaN,NaN
35.88,NaN,NaN
35.89,NaN,NaN
35.9,NaN,NaN
35.91,NaN,NaN
35.92,2.252996977651334,1.9870070442445313
35.93,NaN,NaN
35.94,NaN,NaN
35.95,NaN,NaN
35.96,NaN,NaN
35.97,NaN,NaN
35.98,NaN,NaN
35.99,NaN,NaN
36.0,NaN,NaN
36.01,NaN,NaN
36.02,NaN,NaN
36.03,NaN,NaN
36.04,NaN,NaN
36.05,NaN,NaN
36.06,NaN,NaN
36.07,NaN,NaN
36.08,NaN,NaN
36.09,NaN,NaN
36.1,NaN,NaN
36.11,NaN,NaN
36.12,NaN,NaN
36.13,NaN,NaN
36.14,NaN,NaN
36.15,NaN,NaN
36.16,NaN,NaN
36.17,NaN,NaN
36.18,NaN,NaN
36.19,NaN,NaN
36.2,NaN,NaN
36.21,NaN,NaN
36.22,NaN,NaN
36.23,NaN,NaN
36.24,NaN,NaN
36.25,NaN,NaN
36.26,NaN,NaN
36.27,NaN,NaN
36.28,NaN,NaN
36.29,NaN,NaN
36.3,NaN,NaN
36.31,NaN,NaN
36.32,NaN,NaN
36.33,NaN,NaN
36.34,NaN,NaN
36.35,NaN,NaN
36.36,NaN,NaN
36.37,NaN,NaN
36.38,NaN,NaN
36.39,NaN,NaN
36.4,NaN,NaN
36.41,NaN,NaN
36.42,NaN,NaN
36.43,NaN,NaN
36.44,NaN,NaN
36.45,NaN,NaN
36.46,NaN,NaN
36.47,NaN,NaN
36.48,NaN,NaN
36.49,NaN,NaN
36.5,NaN,NaN
36.51,NaN,NaN
36.52,NaN,NaN
36.53,NaN,NaN
36.54,NaN,NaN
36.55,NaN,NaN
36.56,NaN,NaN
36.57,NaN,NaN
36.58,NaN,NaN
36.59,NaN,NaN
36.6,NaN,NaN
36.61,NaN,NaN
36.62,NaN,NaN
36.63,NaN,NaN
36.64,NaN,NaN
36.65,NaN,NaN
36.66,NaN,NaN
36.67,NaN,NaN
36.68,NaN,NaN
36.69,NaN,NaN
36.7,NaN,NaN
36.71,NaN,NaN
36.72,NaN,NaN
36.73,NaN,NaN
36.74,NaN,NaN
36.75,NaN,NaN
36.76,NaN,NaN
36.77,NaN,NaN
36.78,NaN,NaN
36.79,NaN,NaN
36.8,NaN,NaN
36.81,NaN,NaN
36.82,NaN,NaN
36.83,NaN,NaN
36.84,NaN,NaN
36.85,NaN,NaN
36.86,NaN,NaN
36.87,NaN,NaN
36.88,NaN,NaN
36.89,NaN,NaN
36.9,NaN,NaN
36.91,NaN,NaN
36.92,NaN,NaN
36.93,3.4269259270806836,1.0610635615732824
36.94,NaN,NaN
36.95,NaN,NaN
36.96,NaN,NaN
36.97,NaN,NaN
36.98,NaN,NaN
36.99,NaN,NaN
37.0,NaN,NaN
37.01,NaN,NaN
37.02,NaN,NaN
37.03,NaN,NaN
37.04,NaN,NaN
37.05,NaN,NaN
37.06,NaN,NaN
37.07,NaN,NaN
37.08,NaN,NaN
37.09,NaN,NaN
37.1,NaN,NaN
37.11,NaN,NaN
37.12,NaN,NaN
37.13,NaN,NaN
37.14,NaN,NaN
37.15,NaN,NaN
37.16,NaN,NaN
37.17,NaN,NaN
37.18,NaN,NaN
37.19,NaN,NaN
37.2,NaN,NaN
37.21,NaN,NaN
37.22,NaN,NaN
37.23,NaN,NaN
37.24,NaN,NaN
37.25,NaN,NaN
37.26,NaN,NaN
37.27,NaN,NaN
37.28,NaN,NaN
37.29,NaN,NaN
37.3,NaN,NaN
37.31,NaN,NaN
37.32,NaN,NaN
37.33,NaN,NaN
37.34,NaN,NaN
37.35,NaN,NaN
37.36,NaN,NaN
37.37,NaN,NaN
37.38,NaN,NaN
37.39,NaN,NaN
37.4,NaN,NaN
37.41,NaN,NaN
37.42,NaN,NaN
37.43,NaN,NaN
37.44,NaN,NaN
37.45,NaN,NaN
37.46,NaN,NaN
37.47,NaN,NaN
37.48,NaN,NaN
37.49,NaN,NaN
37.5,NaN,NaN
37.51,NaN,NaN
37.52,NaN,NaN
37.53,NaN,NaN
37.54,NaN,NaN
37.55,NaN,NaN
37.56,NaN,NaN
37.57,NaN,NaN
37.58,NaN,NaN
37.59,NaN,NaN
37.6,NaN,NaN
37.61,NaN,NaN
37.62,NaN,NaN
37.63,NaN,NaN
37.64,NaN,NaN
37.65,NaN,NaN
37.66,NaN,NaN
37.67,NaN,NaN
37.68,NaN,NaN
37.69,NaN,NaN
37.7,NaN,NaN
37.71,NaN,NaN
37.72,5.610205416678797,0.7818899646763805
37.73,NaN,NaN
37.74,NaN,NaN
37.75,NaN,NaN
37.76,NaN,NaN
37.77,NaN,NaN
37.78,NaN,NaN
37.79,NaN,NaN
37.8,NaN,NaN
37.81,NaN,NaN
37.82,NaN,NaN
37.83,NaN,NaN
37.84,NaN,NaN
37.85,NaN,NaN
37.86,NaN,NaN
37.87,6.413504638112267,1.95440601801014
37.88,NaN,NaN
37.89,NaN,NaN
37.9,NaN,NaN
37.91,NaN,NaN
37.92,5.081931786660524,1.635580462454204
37.93,NaN,NaN
37.94,NaN,NaN
37.95,NaN,NaN
37.96,NaN,NaN
37.97,NaN,NaN
37.98,NaN,NaN
37.99,NaN,NaN
38.0,NaN,NaN
38.01,NaN,NaN
38.02,NaN,NaN
38.03,NaN,NaN
38.04,NaN,NaN
38.05,NaN,NaN
38.06,NaN,NaN
38.07,NaN,NaN
38.08,NaN,NaN
38.09,NaN,NaN
38.1,NaN,NaN
38.11,NaN,NaN
38.12,NaN,NaN
38.13,NaN,NaN
38.14,NaN,NaN
38.15,NaN,NaN
38.16,NaN,NaN
38.17,NaN,NaN
38.18,NaN,NaN
38.19,NaN,NaN
38.2,NaN,NaN
38.21,NaN,NaN
38.22,NaN,NaN
38.23,NaN,NaN
38.24,NaN,NaN
38.25,NaN,NaN
38.26,NaN,NaN
38.27,NaN,NaN
38.28,NaN,NaN
38.29,NaN,NaN
38.3,NaN,NaN
38.31,NaN,NaN
38.32,NaN,NaN
38.33,NaN,NaN
38.34,NaN,NaN
38.35,NaN,NaN
38.36,NaN,NaN
38.37,NaN,NaN
38.38,NaN,NaN
38.39,NaN,NaN
38.4,8.453248752636455,3.18611288037392
38.41,NaN,NaN
38.42,NaN,NaN
38.43,NaN,NaN
38.44,NaN,NaN
38.45,NaN,NaN
38.46,NaN,NaN
38.47,NaN,NaN
38.48,8.0968607879815,0.1686261462757317
38.49,NaN,NaN
38.5,NaN,NaN
38.51,NaN,NaN
38.52,NaN,NaN
38.53,NaN,NaN
38.54,NaN,NaN
38.55,NaN,NaN
38.56,9.263697456610572,0.6372396199631416
38.57,NaN,NaN
38.58,NaN,NaN
38.59,NaN,NaN
38.6,NaN,NaN
38.61,NaN,NaN
38.62,NaN,NaN
38.63,NaN,NaN
38.64,NaN,NaN
38.65,9.453849257363661,1.7074715990006655
38.66,NaN,NaN
38.67,NaN,NaN
38.68,6.889273707207761,1.085635172577054
38.69,NaN,NaN
38.7,NaN,NaN
38.71,NaN,NaN
38.72,NaN,NaN
38.73,NaN,NaN
38.74,NaN,NaN
38.75,NaN,NaN
38.76,NaN,NaN
38.77,NaN,NaN
38.78,NaN,NaN
38.79,NaN,NaN
38.8,NaN,NaN
38.81,NaN,NaN
38.82,NaN,NaN
38.83,NaN,NaN
38.84,NaN,NaN
38.85,NaN,NaN
38.86,NaN,NaN
38.87,NaN,NaN
38.88,NaN,NaN
38.89,NaN,NaN
38.9,NaN,NaN
38.91,NaN,NaN
38.92,NaN,NaN
38.93,NaN,NaN
38.94,NaN,NaN
38.95,NaN,NaN
38.96,NaN,NaN
38.97,NaN,NaN
38.98,NaN,NaN
38.99,NaN,NaN
39.0,NaN,NaN
39.01,NaN,NaN
39.02,NaN,NaN
39.03,NaN,NaN
39.04,NaN,NaN
39.05,NaN,NaN
39.06,NaN,NaN
39.07,NaN,NaN
39.08,NaN,NaN
39.09,NaN,NaN
39.1,NaN,NaN
39.11,NaN,NaN
39.12,NaN,NaN
39.13,NaN,NaN
39.14,NaN,NaN
39.15,NaN,NaN
39.16,NaN,NaN
39.17,NaN,NaN
39.18,10.393615207771738,4.203044396473121
39.19,NaN,NaN
39.2,10.191495773838703,1.4638462665039806
39.21,NaN,NaN
39.22,NaN,NaN
39.23,NaN,NaN
39.24,9.522208625285648,2.413653002259516
39.25,NaN,NaN
39.26,NaN,NaN
39.27,NaN,NaN
39.28,NaN,NaN
39.29,11.060077666242286,2.1787182960722435
39.3,NaN,NaN
39.31,NaN,NaN
39.32,NaN,NaN
39.33,NaN,NaN
39.34,NaN,NaN
39.35,NaN,NaN
39.36,NaN,NaN
39.37,NaN,NaN
39.38,NaN,NaN
39.39,10.785377192028317,2.209343161788473
39.4,NaN,NaN
39.41,NaN,NaN
39.42,9.943381638558078,3.029659258702745
39.43,NaN,NaN
39.44,NaN,NaN
39.45,NaN,NaN
39.46,NaN,NaN
39.47,NaN,NaN
39.48,NaN,NaN
39.49,NaN,NaN
39.5,NaN,NaN
39.51,NaN,NaN
39.52,NaN,NaN
39.53,NaN,NaN
39.54,NaN,NaN
39.55,NaN,NaN
39.56,NaN,NaN
39.57,NaN,NaN
39.58,NaN,NaN
39.59,NaN,NaN
39.6,NaN,NaN
39.61,NaN,NaN
39.62,NaN,NaN
39.63,NaN,NaN
39.64,NaN,NaN
39.65,10.236551884922417,4.389601241233164
39.66,NaN,NaN
39.67,NaN,NaN
39.68,NaN,NaN
39.69,NaN,NaN
39.7,NaN,NaN
39.71,NaN,NaN
39.72,NaN,NaN
39.73,NaN,NaN
39.74,NaN,NaN
39.75,NaN,NaN
39.76,NaN,NaN
39.77,NaN,NaN
39.78,NaN,NaN
39.79,NaN,NaN
39.8,NaN,NaN
39.81,NaN,NaN
39.82,NaN,NaN
39.83,NaN,NaN
39.84,NaN,NaN
39.85,NaN,NaN
39.86,NaN,NaN
39.87,NaN,NaN
39.88,NaN,NaN
39.89,NaN,NaN
39.9,NaN,NaN
39.91,NaN,NaN
39.92,NaN,NaN
39.93,9.260683123484105,5.250642081530054
39.94,NaN,NaN
39.95,NaN,NaN
39.96,NaN,NaN
39.97,NaN,NaN
39.98,NaN,NaN
39.99,9.594173733911559,4.59308029803077
40.0,NaN,NaN
40.01,NaN,NaN
40.02,NaN,NaN
40.03,NaN,NaN
40.04,NaN,NaN
40.05,NaN,NaN
40.06,NaN,NaN
40.07,NaN,NaN
40.08,NaN,NaN
40.09,NaN,NaN
40.1,NaN,NaN
40.11,NaN,NaN
40.12,NaN,NaN
40.13,NaN,NaN
40.14,NaN,NaN
40.15,NaN,NaN
40.16,NaN,NaN
40.17,6.9191222119722315,5.264797696623448
40.18,NaN,NaN
40.19,NaN,NaN
40.2,NaN,NaN
40.21,NaN,NaN
40.22,NaN,NaN
40.23,NaN,NaN
40.24,NaN,NaN
40.25,NaN,NaN
40.26,NaN,NaN
40.27,NaN,NaN
40.28,5.115038219654077,4.867168724308125
40.29,NaN,NaN
40.3,NaN,NaN
40.31,NaN,NaN
40.32,NaN,NaN
40.33,NaN,NaN
40.34,NaN,NaN
40.35,NaN,NaN
40.36,NaN,NaN
40.37,NaN,NaN
40.38,NaN,NaN
40.39,NaN,NaN
40.4,5.12410441847124,5.280716160338306
40.41,NaN,NaN
40.42,NaN,NaN
40.43,NaN,NaN
40.44,NaN,NaN
40.45,NaN,NaN
40.46,NaN,NaN
40.47,NaN,NaN
40.48,NaN,NaN
40.49,NaN,NaN
40.5,NaN,NaN
40.51,NaN,NaN
40.52,5.518923092249801,4.594228418075325
40.53,NaN,NaN
40.54,NaN,NaN
40.55,NaN,NaN
40.56,NaN,NaN
40.57,NaN,NaN
40.58,6.163254935056655,3.600532110495048
40.59,NaN,NaN
40.6,NaN,NaN
40.61,NaN,NaN
40.62,NaN,NaN
40.63,NaN,NaN
40.64,NaN,NaN
40.65,NaN,NaN
40.66,NaN,NaN
40.67,NaN,NaN
40.68,NaN,NaN
40.69,NaN,NaN
40.7,NaN,NaN
40.71,NaN,NaN
40.72,NaN,NaN
40.73,NaN,NaN
40.74,3.09679990442772,4.633080125593451
40.75,NaN,NaN
40.76,NaN,NaN
40.77,NaN,NaN
40.78,NaN,NaN
40.79,NaN,NaN
40.8,NaN,NaN
40.81,NaN,NaN
40.82,NaN,NaN
40.83,NaN,NaN
40.84,NaN,NaN
40.85,NaN,NaN
40.86,3.173533376748674,3.6657422194672966
40.87,NaN,NaN
40.88,NaN,NaN
40.89,NaN,NaN
40.9,NaN,NaN
40.91,NaN,NaN
40.92,NaN,NaN
40.93,NaN,NaN
40.94,NaN,NaN
40.95,NaN,NaN
40.96,NaN,NaN
40.97,NaN,NaN
40.98,NaN,NaN
40.99,NaN,NaN
41.0,NaN,NaN
41.01,NaN,NaN
41.02,NaN,NaN
41.03,NaN,NaN
41.04,NaN,NaN
41.05,NaN,NaN
41.06,NaN,NaN
41.07,NaN,NaN
41.08,NaN,NaN
41.09,NaN,NaN
41.1,NaN,NaN
41.11,NaN,NaN
41.12,NaN,NaN
41.13,NaN,NaN
41.14,NaN,NaN
41.15,NaN,NaN
41.16,NaN,NaN
41.17,NaN,NaN
41.18,NaN,NaN
41.19,NaN,NaN
41.2,NaN,NaN
41.21,NaN,NaN
41.22,NaN,NaN
41.23,NaN,NaN
41.24,NaN,NaN
41.25,NaN,NaN
41.26,NaN,NaN
41.27,NaN,NaN
41.28,NaN,NaN
41.29,NaN,NaN
41.3,NaN,NaN
41.31,NaN,NaN
41.32,NaN,NaN
41.33,NaN,NaN
41.34,NaN,NaN
41.35,NaN,NaN
41.36,NaN,NaN
41.37,NaN,NaN
41.38,NaN,NaN
41.39,NaN,NaN
41.4,NaN,NaN
41.41,NaN,NaN
41.42,NaN,NaN
41.43,NaN,NaN
41.44,NaN,NaN
41.45,NaN,NaN
41.46,NaN,NaN
41.47,NaN,NaN
41.48,NaN,NaN
41.49,NaN,NaN
41.5,NaN,NaN
41.51,NaN,NaN
41.52,NaN,NaN
41.53,NaN,NaN
41.54,NaN,NaN
41.55,NaN,NaN
41.56,NaN,NaN
41.57,NaN,NaN
41.58,NaN,NaN
41.59,NaN,NaN
41.6,NaN,NaN
41.61,NaN,NaN
41.62,NaN,NaN
41.63,NaN,NaN
41.64,NaN,NaN
41.65,NaN,NaN
41.66,2.31894984426411,4.158633309444528
41.67,NaN,NaN
41.68,NaN,NaN
41.69,NaN,NaN
41.7,NaN,NaN
41.71,NaN,NaN
41.72,NaN,NaN
41.73,NaN,NaN
41.74,NaN,NaN
41.75,NaN,NaN
41.76,NaN,NaN
41.77,NaN,NaN
41.78,NaN,NaN
41.79,NaN,NaN
41.8,NaN,NaN
41.81,NaN,NaN
41.82,NaN,NaN
41.83,2.9685715219503788,3.8077734530096654
41.84,NaN,NaN
41.85,NaN,NaN
41.86,NaN,NaN
41.87,NaN,NaN
41.88,NaN,NaN
41.89,NaN,NaN
41.9,NaN,NaN
41.91,NaN,NaN
41.92,NaN,NaN
41.93,NaN,NaN
41.94,NaN,NaN
41.95,NaN,NaN
41.96,2.9506314879552216,5.993556563876467
41.97,NaN,NaN
41.98,NaN,NaN
41.99,NaN,NaN
42.0,NaN,NaN
42.01,NaN,NaN
42.02,NaN,NaN
42.03,NaN,NaN
42.04,NaN,NaN
42.05,NaN,NaN
42.06,NaN,NaN
42.07,NaN,NaN
42.08,NaN,NaN
42.09,1.365080809456177,4.5295078449938515
42.1,NaN,NaN
42.11,NaN,NaN
42.12,NaN,NaN
42.13,NaN,NaN
42.14,NaN,NaN
42.15,2.7042198537947577,2.5056572739669467
42.16,NaN,NaN
42.17,NaN,NaN
42.18,NaN,NaN
42.19,NaN,NaN
42.2,NaN,NaN
42.21,NaN,NaN
42.22,NaN,NaN
42.23,NaN,NaN
42.24,NaN,NaN
42.25,NaN,NaN
42.26,NaN,NaN
42.27,NaN,NaN
42.28,NaN,NaN
42.29,NaN,NaN
42.3,NaN,NaN
42.31,NaN,NaN
42.32,NaN,NaN
42.33,NaN,NaN
42.34,NaN,NaN
42.35,NaN,NaN
42.36,NaN,NaN
42.37,NaN,NaN
42.38,NaN,NaN
42.39,NaN,NaN
42.4,NaN,NaN
42.41,NaN,NaN
42.42,NaN,NaN
42.43,NaN,NaN
42.44,NaN,NaN
42.45,NaN,NaN
42.46,NaN,NaN
42.47,NaN,NaN
42.48,NaN,NaN
42.49,NaN,NaN
42.5,NaN,NaN
42.51,NaN,NaN
42.52,NaN,NaN
42.53,NaN,NaN
42.54,NaN,NaN
42.55,NaN,NaN
42.56,NaN,NaN
42.57,NaN,NaN
42.58,NaN,NaN
42.59,NaN,NaN
42.6,NaN,NaN
42.61,NaN,NaN
42.62,NaN,NaN
42.63,NaN,NaN
42.64,NaN,NaN
42.65,NaN,NaN
42.66,0.5848969674955753,2.3017635881411964
42.67,NaN,NaN
42.68,NaN,NaN
42.69,NaN,NaN
42.7,NaN,NaN
42.71,NaN,NaN
42.72,NaN,NaN
42.73,NaN,NaN
42.74,NaN,NaN
42.75,NaN,NaN
42.76,NaN,NaN
42.77,NaN,NaN
42.78,NaN,NaN
42.79,NaN,NaN
42.8,NaN,NaN
42.81,NaN,NaN
42.82,NaN,NaN
42.83,NaN,NaN
42.84,NaN,NaN
42.85,NaN,NaN
42.86,NaN,NaN
42.87,NaN,NaN
42.88,NaN,NaN
42.89,NaN,NaN
42.9,NaN,NaN
42.91,NaN,NaN
42.92,NaN,NaN
42.93,NaN,NaN
42.94,1.385950703091492,3.934068069128486
42.95,NaN,NaN
42.96,NaN,NaN
42.97,NaN,NaN
42.98,0.53845187713131,3.168039197173488
42.99,NaN,NaN
43.0,NaN,NaN
43.01,NaN,NaN
43.02,1.116712619895969,4.022407903223576
43.03,NaN,NaN
43.04,NaN,NaN
43.05,NaN,NaN
43.06,NaN,NaN
43.07,NaN,NaN
43.08,NaN,NaN
43.09,NaN,NaN
43.1,NaN,NaN
43.11,NaN,NaN
43.12,NaN,NaN
43.13,NaN,NaN
43.14,NaN,NaN
43.15,NaN,NaN
43.16,NaN,NaN
43.17,NaN,NaN
43.18,NaN,NaN
43.19,NaN,NaN
43.2,NaN,NaN
43.21,NaN,NaN
43.22,NaN,NaN
43.23,NaN,NaN
43.24,NaN,NaN
43.25,NaN,NaN
43.26,NaN,NaN
43.27,NaN,NaN
43.28,NaN,NaN
43.29,NaN,NaN
43.3,NaN,NaN
43.31,NaN,NaN
43.32,0.9812779296261449,4.36486573291535
43.33,NaN,NaN
43.34,NaN,NaN
43.35,NaN,NaN
43.36,NaN,NaN
43.37,NaN,NaN
43.38,NaN,NaN
43.39,NaN,NaN
43.4,NaN,NaN
43.41,NaN,NaN
43.42,NaN,NaN
43.43,NaN,NaN
43.44,NaN,NaN
43.45,NaN,NaN
43.46,NaN,NaN
43.47,NaN,NaN
43.48,NaN,NaN
43.49,NaN,NaN
43.5,NaN,NaN
43.51,NaN,NaN
43.52,NaN,NaN
43.53,NaN,NaN
43.54,NaN,NaN
43.55,NaN,NaN
43.56,NaN,NaN
43.57,NaN,NaN
43.58,NaN,NaN
43.59,NaN,NaN
43.6,NaN,NaN
43.61,NaN,NaN
43.62,NaN,NaN
43.63,NaN,NaN
43.64,NaN,NaN
43.65,NaN,NaN
43.66,NaN,NaN
43.67,NaN,NaN
43.68,NaN,NaN
43.69,NaN,NaN
43.7,NaN,NaN
43.71,NaN,NaN
43.72,NaN,NaN
43.73,NaN,NaN
43.74,1.0293317069165266,3.812029181725454
43.75,NaN,NaN
43.76,NaN,NaN
43.77,NaN,NaN
43.78,NaN,NaN
43.79,NaN,NaN
43.8,NaN,NaN
43.81,NaN,NaN
43.82,NaN,NaN
43.83,NaN,NaN
43.84,-1.0297027091478528,2.7526940545770784
43.85,NaN,NaN
43.86,NaN,NaN
43.87,NaN,NaN
43.88,NaN,NaN
43.89,NaN,NaN
43.9,NaN,NaN
43.91,NaN,NaN
43.92,NaN,NaN
43.93,NaN,NaN
43.94,NaN,NaN
43.95,NaN,NaN
43.96,NaN,NaN
43.97,NaN,NaN
43.98,NaN,NaN
43.99,NaN,NaN
44.0,NaN,NaN
44.01,NaN,NaN
44.02,NaN,NaN
44.03,1.0887125422979287,3.3244572661040204
44.04,NaN,NaN
44.05,NaN,NaN
44.06,NaN,NaN
44.07,NaN,NaN
44.08,NaN,NaN
44.09,NaN,NaN
44.1,NaN,NaN
44.11,NaN,NaN
44.12,NaN,NaN
44.13,NaN,NaN
44.14,NaN,NaN
44.15,NaN,NaN
44.16,1.6043353036124992,1.310882866234982
44.17,NaN,NaN
44.18,1.4337767796851089,3.218286117411379
44.19,1.1737213351338893,2.741422146599812
44.2,NaN,NaN
44.21,NaN,NaN
44.22,NaN,NaN
44.23,NaN,NaN
44.24,NaN,NaN
44.25,NaN,NaN
44.26,NaN,NaN
44.27,NaN,NaN
44.28,NaN,NaN
44.29,0.047526880328777166,3.180092733508823
44.3,NaN,NaN
44.31,NaN,NaN
44.32,NaN,NaN
44.33,NaN,NaN
44.34,0.5343434450999451,4.132416578389836
44.35,NaN,NaN
44.36,NaN,NaN
44.37,NaN,NaN
44.38,NaN,NaN
44.39,NaN,NaN
44.4,NaN,NaN
44.41,NaN,NaN
44.42,NaN,NaN
44.43,NaN,NaN
44.44,1.2945849070404034,1.0852371009425716
44.45,NaN,NaN
44.46,NaN,NaN
44.47,NaN,NaN
44.48,NaN,NaN
44.49,-0.16954529233547966,3.731028065720518
44.5,NaN,NaN
44.51,NaN,NaN
44.52,NaN,NaN
44.53,NaN,NaN
44.54,NaN,NaN
44.55,-0.03740574600656377,2.0048560380170426
44.56,NaN,NaN
44.57,NaN,NaN
44.58,NaN,NaN
44.59,NaN,NaN
44.6,NaN,NaN
44.61,NaN,NaN
44.62,NaN,NaN
44.63,NaN,NaN
44.64,NaN,NaN
44.65,NaN,NaN
44.66,NaN,NaN
44.67,NaN,NaN
44.68,NaN,NaN
44.69,NaN,NaN
44.7,NaN,NaN
44.71,NaN,NaN
44.72,NaN,NaN
44.73,NaN,NaN
44.74,NaN,NaN
44.75,NaN,NaN
44.76,NaN,NaN
44.77,NaN,NaN
44.78,NaN,NaN
44.79,NaN,NaN
44.8,NaN,NaN
44.81,NaN,NaN
44.82,2.0664909479227695,2.681518153066488
44.83,NaN,NaN
44.84,NaN,NaN
44.85,NaN,NaN
44.86,NaN,NaN
44.87,NaN,NaN
44.88,NaN,NaN
44.89,NaN,NaN
44.9,NaN,NaN
44.91,NaN,NaN
44.92,NaN,NaN
44.93,NaN,NaN
44.94,NaN,NaN
44.95,NaN,NaN
44.96,NaN,NaN
44.97,NaN,NaN
44.98,NaN,NaN
44.99,NaN,NaN
45.0,NaN,NaN
45.01,NaN,NaN
45.02,NaN,NaN
45.03,-0.2176888194154536,2.3291269618114265
45.04,-1.0420780005551573,1.2419031305959727
45.05,NaN,NaN
45.06,NaN,NaN
45.07,NaN,NaN
45.08,NaN,NaN
45.09,NaN,NaN
45.1,NaN,NaN
45.11,NaN,NaN
45.12,NaN,NaN
45.13,NaN,NaN
45.14,NaN,NaN
45.15,NaN,NaN
45.16,NaN,NaN
45.17,NaN,NaN
45.18,NaN,NaN
45.19,1.5015849466650888,1.279234920385904
45.2,NaN,NaN
45.21,NaN,NaN
45.22,NaN,NaN
45.23,NaN,NaN
45.24,NaN,NaN
45.25,NaN,NaN
45.26,NaN,NaN
45.27,NaN,NaN
45.28,NaN,NaN
45.29,NaN,NaN
45.3,NaN,NaN
45.31,NaN,NaN
45.32,NaN,NaN
45.33,NaN,NaN
45.34,NaN,NaN
45.35,NaN,NaN
45.36,NaN,NaN
45.37,NaN,NaN
45.38,NaN,NaN
45.39,NaN,NaN
45.4,NaN,NaN
45.41,NaN,NaN
45.42,NaN,NaN
45.43,NaN,NaN
45.44,NaN,NaN
45.45,NaN,NaN
45.46,NaN,NaN
45.47,NaN,NaN
45.48,NaN,NaN
45.49,NaN,NaN
45.5,NaN,NaN
45.51,NaN,NaN
45.52,NaN,NaN
45.53,0.042143863977246454,2.12598763437445
45.54,NaN,NaN
45.55,NaN,NaN
45.56,NaN,NaN
45.57,NaN,NaN
45.58,NaN,NaN
45.59,NaN,NaN
45.6,NaN,NaN
45.61,2.982115275024241,2.5617222141871547
45.62,NaN,NaN
45.63,NaN,NaN
45.64,NaN,NaN
45.65,NaN,NaN
45.66,NaN,NaN
45.67,NaN,NaN
45.68,NaN,NaN
45.69,NaN,NaN
45.7,NaN,NaN
45.71,NaN,NaN
45.72,NaN,NaN
45.73,NaN,NaN
45.74,NaN,NaN
45.75,NaN,NaN
45.76,NaN,NaN
45.77,NaN,NaN
45.78,NaN,NaN
45.79,NaN,NaN
45.8,NaN,NaN
45.81,NaN,NaN
45.82,NaN,NaN
45.83,NaN,NaN
45.84,NaN,NaN
45.85,NaN,NaN
45.86,NaN,NaN
45.87,NaN,NaN
45.88,NaN,NaN
45.89,NaN,NaN
45.9,NaN,NaN
45.91,NaN,NaN
45.92,NaN,NaN
45.93,NaN,NaN
45.94,NaN,NaN
45.95,NaN,NaN
45.96,NaN,NaN
45.97,NaN,NaN
45.98,NaN,NaN
45.99,NaN,NaN
46.0,NaN,NaN
46.01,NaN,NaN
46.02,NaN,NaN
46.03,NaN,NaN
46.04,NaN,NaN
46.05,NaN,NaN
46.06,NaN,NaN
46.07,NaN,NaN
46.08,NaN,NaN
46.09,NaN,NaN
46.1,NaN,NaN
46.11,NaN,NaN
46.12,NaN,NaN
46.13,NaN,NaN
46.14,NaN,NaN
46.15,NaN,NaN
46.16,NaN,NaN
46.17,NaN,NaN
46.18,NaN,NaN
46.19,NaN,NaN
46.2,NaN,NaN
46.21,NaN,NaN
46.22,NaN,NaN
46.23,NaN,NaN
46.24,NaN,NaN
46.25,NaN,NaN
46.26,NaN,NaN
46.27,NaN,NaN
46.28,NaN,NaN
46.29,NaN,NaN
46.3,NaN,NaN
46.31,NaN,NaN
46.32,NaN,NaN
46.33,NaN,NaN
46.34,NaN,NaN
46.35,0.8654715449496198,1.6522597227321212
46.36,NaN,NaN
46.37,NaN,NaN
46.38,NaN,NaN
46.39,NaN,NaN
46.4,NaN,NaN
46.41,NaN,NaN
46.42,NaN,NaN
46.43,2.3309933812963206,1.6634315876706482
46.44,NaN,NaN
46.45,NaN,NaN
46.46,NaN,NaN
46.47,2.449560271072798,1.715120828188447
46.48,NaN,NaN
46.49,NaN,NaN
46.5,NaN,NaN
46.51,2.9960887438992634,1.3913533507535076
46.52,NaN,NaN
46.53,NaN,NaN
46.54,NaN,NaN
46.55,5.151160797882338,2.5734943124109515
46.56,NaN,NaN
46.57,NaN,NaN
46.58,NaN,NaN
46.59,NaN,NaN
46.6,NaN,NaN
46.61,NaN,NaN
46.62,NaN,NaN
46.63,NaN,NaN
46.64,NaN,NaN
46.65,NaN,NaN
46.66,NaN,NaN
46.67,NaN,NaN
46.68,NaN,NaN
46.69,NaN,NaN
46.7,NaN,NaN
46.71,NaN,NaN
46.72,NaN,NaN
46.73,NaN,NaN
46.74,NaN,NaN
46.75,NaN,NaN
46.76,NaN,NaN
46.77,NaN,NaN
46.78,NaN,NaN
46.79,NaN,NaN
46.8,NaN,NaN
46.81,NaN,NaN
46.82,NaN,NaN
46.83,NaN,NaN
46.84,4.181607848504182,1.162329928330169
46.85,NaN,NaN
46.86,NaN,NaN
46.87,NaN,NaN
46.88,NaN,NaN
46.89,NaN,NaN
46.9,NaN,NaN
46.91,NaN,NaN
46.92,NaN,NaN
46.93,NaN,NaN
46.94,NaN,NaN
46.95,NaN,NaN
46.96,NaN,NaN
46.97,NaN,NaN
46.98,NaN,NaN
46.99,NaN,NaN
47.0,NaN,NaN
47.01,NaN,NaN
47.02,NaN,NaN
47.03,NaN,NaN
47.04,NaN,NaN
47.05,NaN,NaN
47.06,NaN,NaN
47.07,NaN,NaN
47.08,NaN,NaN
47.09,NaN,NaN
47.1,NaN,NaN
47.11,NaN,NaN
47.12,NaN,NaN
47.13,NaN,NaN
47.14,NaN,NaN
47.15,NaN,NaN
47.16,NaN,NaN
47.17,NaN,NaN
47.18,NaN,NaN
47.19,NaN,NaN
47.2,NaN,NaN
47.21,NaN,NaN
47.22,NaN,NaN
47.23,NaN,NaN
47.24,NaN,NaN
47.25,NaN,NaN
47.26,NaN,NaN
47.27,NaN,NaN
47.28,NaN,NaN
47.29,NaN,NaN
47.3,NaN,NaN
47.31,NaN,NaN
47.32,NaN,NaN
47.33,NaN,NaN
47.34,NaN,NaN
47.35,NaN,NaN
47.36,NaN,NaN
47.37,NaN,NaN
47.38,NaN,NaN
47.39,NaN,NaN
47.4,NaN,NaN
47.41,NaN,NaN
47.42,NaN,NaN
47.43,NaN,NaN
47.44,NaN,NaN
47.45,NaN,NaN
47.46,NaN,NaN
47.47,NaN,NaN
47.48,NaN,NaN
47.49,NaN,NaN
47.5,NaN,NaN
47.51,NaN,NaN
47.52,NaN,NaN
47.53,NaN,NaN
47.54,NaN,NaN
47.55,NaN,NaN
47.56,NaN,NaN
47.57,NaN,NaN
47.58,4.094927678866579,1.5469115559570688
47.59,NaN,NaN
47.6,NaN,NaN
47.61,NaN,NaN
47.62,NaN,NaN
47.63,NaN,NaN
47.64,NaN,NaN
47.65,NaN,NaN
47.66,NaN,NaN
47.67,NaN,NaN
47.68,NaN,NaN
47.69,NaN,NaN
47.7,NaN,NaN
47.71,NaN,NaN
47.72,NaN,NaN
47.73,NaN,NaN
47.74,NaN,NaN
47.75,NaN,NaN
47.76,NaN,NaN
47.77,5.824329226140491,0.46461648336890016
47.78,NaN,NaN
47.79,NaN,NaN
47.8,NaN,NaN
47.81,NaN,NaN
47.82,NaN,NaN
47.83,NaN,NaN
47.84,NaN,NaN
47.85,7.128433383401386,0.694898081523233
47.86,NaN,NaN
47.87,4.27311474516834,-0.4509775501098354
47.88,NaN,NaN
47.89,NaN,NaN
47.9,NaN,NaN
47.91,NaN,NaN
47.92,NaN,NaN
47.93,NaN,NaN
47.94,NaN,NaN
47.95,NaN,NaN
47.96,NaN,NaN
47.97,NaN,NaN
47.98,5.74148111868322,0.589265318419043
47.99,NaN,NaN
48.0,NaN,NaN
48.01,NaN,NaN
48.02,NaN,NaN
48.03,NaN,NaN
48.04,4.93686484608165,1.630791027129478
48.05,NaN,NaN
48.06,8.661839294680851,1.1487190543082124
48.07,NaN,NaN
48.08,NaN,NaN
48.09,NaN,NaN
48.1,NaN,NaN
48.11,NaN,NaN
48.12,NaN,NaN
48.13,NaN,NaN
48.14,NaN,NaN
48.15,NaN,NaN
48.16,NaN,NaN
48.17,NaN,NaN
48.18,NaN,NaN
48.19,NaN,NaN
48.2,8.780182208154464,0.3061786285704817
48.21,NaN,NaN
48.22,NaN,NaN
48.23,NaN,NaN
48.24,NaN,NaN
48.25,NaN,NaN
48.26,NaN,NaN
48.27,NaN,NaN
48.28,NaN,NaN
48.29,NaN,NaN
48.3,NaN,NaN
48.31,NaN,NaN
48.32,NaN,NaN
48.33,NaN,NaN
48.34,NaN,NaN
48.35,NaN,NaN
48.36,NaN,NaN
48.37,NaN,NaN
48.38,NaN,NaN
48.39,NaN,NaN
48.4,NaN,NaN
48.41,NaN,NaN
48.42,NaN,NaN
48.43,NaN,NaN
48.44,NaN,NaN
48.45,NaN,NaN
48.46,NaN,NaN
48.47,NaN,NaN
48.48,NaN,NaN
48.49,8.119174778390002,1.3664438832328178
48.5,NaN,NaN
48.51,NaN,NaN
48.52,NaN,NaN
48.53,NaN,NaN
48.54,9.015400658657239,3.684102748871916
48.55,9.345740864426933,2.327636567994356
48.56,NaN,NaN
48.57,NaN,NaN
48.58,NaN,NaN
48.59,NaN,NaN
48.6,NaN,NaN
48.61,NaN,NaN
48.62,NaN,NaN
48.63,NaN,NaN
48.64,NaN,NaN
48.65,NaN,NaN
48.66,NaN,NaN
48.67,NaN,NaN
48.68,NaN,NaN
48.69,NaN,NaN
48.7,NaN,NaN
48.71,NaN,NaN
48.72,NaN,NaN
48.73,NaN,NaN
48.74,NaN,NaN
48.75,NaN,NaN
48.76,NaN,NaN
48.77,NaN,NaN
48.78,NaN,NaN
48.79,NaN,NaN
48.8,NaN,NaN
48.81,NaN,NaN
48.82,NaN,NaN
48.83,NaN,NaN
48.84,NaN,NaN
48.85,NaN,NaN
48.86,NaN,NaN
48.87,NaN,NaN
48.88,NaN,NaN
48.89,NaN,NaN
48.9,NaN,NaN
48.91,9.85524956070811,2.005680143882639
48.92,NaN,NaN
48.93,NaN,NaN
48.94,NaN,NaN
48.95,NaN,NaN
48.96,NaN,NaN
48.97,NaN,NaN
48.98,NaN,NaN
48.99,NaN,NaN
49.0,NaN,NaN
49.01,9.43644798253446,2.9294771879047574
49.02,NaN,NaN
49.03,NaN,NaN
49.04,NaN,NaN
49.05,NaN,NaN
49.06,NaN,NaN
49.07,NaN,NaN
49.08,NaN,NaN
49.09,NaN,NaN
49.1,NaN,NaN
49.11,NaN,NaN
49.12,NaN,NaN
49.13,NaN,NaN
49.14,NaN,NaN
49.15,NaN,NaN
49.16,NaN,NaN
49.17,NaN,NaN
49.18,NaN,NaN
49.19,NaN,NaN
49.2,NaN,NaN
49.21,NaN,NaN
49.22,NaN,NaN
49.23,NaN,NaN
49.24,NaN,NaN
49.25,NaN,NaN
49.26,NaN,NaN
49.27,NaN,NaN
49.28,NaN,NaN
49.29,NaN,NaN
49.3,NaN,NaN
49.31,NaN,NaN
49.32,NaN,NaN
49.33,NaN,NaN
49.34,NaN,NaN
49.35,NaN,NaN
49.36,NaN,NaN
49.37,NaN,NaN
49.38,NaN,NaN
49.39,NaN,NaN
49.4,NaN,NaN
49.41,NaN,NaN
49.42,NaN,NaN
49.43,NaN,NaN
49.44,NaN,NaN
49.45,NaN,NaN
49.46,NaN,NaN
49.47,NaN,NaN
49.48,NaN,NaN
49.49,NaN,NaN
49.5,NaN,NaN
49.51,NaN,NaN
49.52,NaN,NaN
49.53,NaN,NaN
49.54,NaN,NaN
49.55,NaN,NaN
49.56,NaN,NaN
49.57,NaN,NaN
49.58,NaN,NaN
49.59,NaN,NaN
49.6,9.458073769293309,3.1563141010132805
49.61,NaN,NaN
49.62,9.605550051029471,3.786147454779826
49.63,NaN,NaN
49.64,10.523132244240331,4.265582563738301
49.65,NaN,NaN
49.66,NaN,NaN
49.67,9.933542926396324,2.598842285897216
49.68,NaN,NaN
49.69,NaN,NaN
49.7,NaN,NaN
49.71,NaN,NaN
49.72,NaN,NaN
49.73,NaN,NaN
49.74,NaN,NaN
49.75,NaN,NaN
49.76,NaN,NaN
49.77,NaN,NaN
49.78,NaN,NaN
49.79,9.612898829647992,3.5447499597358894
49.8,NaN,NaN
49.81,NaN,NaN
49.82,NaN,NaN
49.83,NaN,NaN
49.84,10.482987095195655,3.061137276430726
49.85,NaN,NaN
49.86,NaN,NaN
49.87,NaN,NaN
49.88,NaN,NaN
49.89,NaN,NaN
49.9,NaN,NaN
49.91,NaN,NaN
49.92,NaN,NaN
49.93,NaN,NaN
49.94,NaN,NaN
49.95,NaN,NaN
49.96,NaN,NaN
49.97,NaN,NaN
49.98,NaN,NaN
49.99,9.035907010274682,4.726034918099001
50.0,NaN,NaN
